Date,sentiment_score
2015-01-02,0.5120122395455837
2015-01-04,-0.8473111428320408
2015-01-05,0.12451542541384697
2015-01-06,0.31221069395542145
2015-01-07,0.4121114667505026
2015-01-09,0.5120122395455837
2015-01-12,0.12451542541384697
2015-01-14,0.2183630596846342
2015-01-16,-0.8473111428320408
2015-01-19,0.12451542541384697
2015-01-20,-0.8697768822312355
2015-01-24,0.3412779290229082
2015-01-26,0.1705436185002327
2015-01-27,0.4121114667505026
2015-01-28,-0.33838376216590405
2015-01-29,0.12451542541384697
2015-01-31,-0.8697768822312355
2015-02-01,-0.33838376216590405
2015-02-02,0.31221069395542145
2015-02-03,0.12451542541384697
2015-02-04,-0.26755022443830967
2015-02-06,-0.3496166318655014
2015-02-07,-0.8697768822312355
2015-02-08,-0.26755022443830967
2015-02-09,-0.3686228673905134
2015-02-10,0.31221069395542145
2015-02-12,-0.8585440125316381
2015-02-13,0.5120122395455837
2015-02-14,-0.8473111428320408
2015-02-15,0.2642825422808528
2015-02-16,-0.44561825413256884
2015-02-17,0.12451542541384697
2015-02-18,-0.8775502480566502
2015-02-19,0.3412779290229082
2015-02-20,-0.27878309413790703
2015-02-22,0.16438176948577166
2015-02-23,0.14752952195703983
2015-02-24,0.1705436185002327
2015-02-26,0.12451542541384697
2015-03-03,-0.8585440125316381
2015-03-04,-0.8697768822312355
2015-03-05,0.31221069395542145
2015-03-07,0.016552845016121864
2015-03-11,-0.3686228673905134
2015-03-12,0.12451542541384697
2015-03-13,0.4121114667505026
2015-03-14,0.16438176948577166
2015-03-15,0.016552845016121864
2015-03-16,-0.9077893532812595
2015-03-17,-0.29778932966291904
2015-03-19,0.12451542541384697
2015-03-21,0.5120122395455837
2015-03-22,0.24137715622782707
2015-03-23,-0.8473111428320408
2015-03-24,-0.9077893532812595
2015-03-25,0.12451542541384697
2015-03-26,-0.41537914890795946
2015-03-27,0.09354823175817728
2015-03-29,0.16438176948577166
2015-03-30,-0.26755022443830967
2015-03-31,0.31221069395542145
2015-04-02,0.2642825422808528
2015-04-04,-0.27878309413790703
2015-04-05,0.4121114667505026
2015-04-06,-0.37263072840869427
2015-04-07,-0.8697768822312355
2015-04-08,0.5120122395455837
2015-04-10,-0.27878309413790703
2015-04-11,0.016552845016121864
2015-04-12,-0.8697768822312355
2015-04-13,-0.8775502480566502
2015-04-14,-0.9077893532812595
2015-04-15,-0.26755022443830967
2015-04-16,-0.8473111428320408
2015-04-17,0.24137715622782707
2015-04-18,0.016552845016121864
2015-04-20,0.16438176948577166
2015-04-22,0.31221069395542145
2015-04-23,-0.26755022443830967
2015-04-24,-0.26755022443830967
2015-04-27,-0.8697768822312355
2015-04-28,0.31221069395542145
2015-04-29,-0.3496166318655014
2015-04-30,-0.8473111428320408
2015-05-01,-0.9077893532812595
2015-05-02,0.1705436185002327
2015-05-04,-0.33838376216590405
2015-05-05,0.016552845016121864
2015-05-06,-0.9077893532812595
2015-05-09,0.016552845016121864
2015-05-10,0.16438176948577166
2015-05-12,-0.8697768822312355
2015-05-13,-0.16764945164322853
2015-05-14,-0.1788823213428259
2015-05-15,-0.9077893532812595
2015-05-18,0.5120122395455837
2015-05-19,0.5120122395455837
2015-05-20,-0.3916369639337063
2015-05-23,-0.9077893532812595
2015-05-25,-0.27878309413790703
2015-05-26,-0.8473111428320408
2015-05-27,-0.8473111428320408
2015-05-28,-0.9077893532812595
2015-05-30,0.016552845016121864
2015-05-31,-0.8697768822312355
2015-06-01,0.24137715622782707
2015-06-02,-0.8473111428320408
2015-06-05,0.016552845016121864
2015-06-06,0.016552845016121864
2015-06-08,0.09354823175817728
2015-06-09,-0.9077893532812595
2015-06-10,0.3412779290229082
2015-06-12,-0.37263072840869427
2015-06-17,-0.41537914890795946
2015-06-18,-0.8473111428320408
2015-06-22,-0.33838376216590405
2015-06-23,0.31221069395542145
2015-06-24,-0.9077893532812595
2015-06-25,0.5120122395455837
2015-06-29,0.1705436185002327
2015-06-30,-0.8473111428320408
2015-07-01,0.1705436185002327
2015-07-02,-0.4266120186075568
2015-07-04,-0.37263072840869427
2015-07-05,0.5120122395455837
2015-07-06,-0.29778932966291904
2015-07-12,-0.9077893532812595
2015-07-13,0.3412779290229082
2015-07-14,-0.8473111428320408
2015-07-16,0.1705436185002327
2015-07-19,0.12451542541384697
2015-07-20,0.3412779290229082
2015-07-21,-0.8473111428320408
2015-07-22,-0.8697768822312355
2015-07-23,-0.3686228673905134
2015-07-24,0.3412779290229082
2015-07-25,-0.3686228673905134
2015-07-28,-0.8775502480566502
2015-07-29,-0.8697768822312355
2015-07-30,-0.3916369639337063
2015-07-31,-0.8887831177562475
2015-08-01,-0.4266120186075568
2015-08-02,0.31221069395542145
2015-08-04,0.1705436185002327
2015-08-05,0.5120122395455837
2015-08-06,0.1705436185002327
2015-08-07,0.07053413521498442
2015-08-08,0.2183630596846342
2015-08-09,-0.8473111428320408
2015-08-10,-0.8697768822312355
2015-08-12,-0.9077893532812595
2015-08-15,-0.8473111428320408
2015-08-18,0.016552845016121864
2015-08-19,0.24137715622782707
2015-08-23,-0.9077893532812595
2015-08-25,-0.8473111428320408
2015-08-27,0.31221069395542145
2015-08-29,0.1705436185002327
2015-08-30,0.2183630596846342
2015-08-31,-0.8473111428320408
2015-09-03,-0.8697768822312355
2015-09-04,-0.9077893532812595
2015-09-05,-0.8697768822312355
2015-09-06,-0.1978885568678379
2015-09-08,-0.8585440125316381
2015-09-10,0.1705436185002327
2015-09-11,0.016552845016121864
2015-09-12,0.31221069395542145
2015-09-13,-0.3496166318655014
2015-09-15,-0.3613978587090969
2015-09-16,0.12451542541384697
2015-09-17,-0.8697768822312355
2015-09-18,-0.9077893532812595
2015-09-19,-0.29778932966291904
2015-09-21,-0.1978885568678379
2015-09-22,0.3412779290229082
2015-09-25,0.1705436185002327
2015-09-27,-0.8697768822312355
2015-09-29,0.5120122395455837
2015-10-01,-0.9077893532812595
2015-10-04,0.1705436185002327
2015-10-06,0.1705436185002327
2015-10-07,0.1705436185002327
2015-10-08,0.31221069395542145
2015-10-10,-0.37263072840869427
2015-10-11,0.12451542541384697
2015-10-14,0.016552845016121864
2015-10-15,-0.8697768822312355
2015-10-19,0.016552845016121864
2015-10-20,0.12451542541384697
2015-10-21,-0.41537914890795946
2015-10-22,-0.4266120186075568
2015-10-23,0.12451542541384697
2015-10-25,-0.33838376216590405
2015-10-27,-0.8775502480566502
2015-10-28,-0.8473111428320408
2015-10-29,0.1705436185002327
2015-10-30,-0.8697768822312355
2015-11-01,0.2642825422808528
2015-11-02,-0.8775502480566502
2015-11-03,-0.9077893532812595
2015-11-04,0.1705436185002327
2015-11-06,0.31221069395542145
2015-11-07,0.09354823175817728
2015-11-08,0.12451542541384697
2015-11-10,0.12451542541384697
2015-11-11,-0.37263072840869427
2015-11-14,-0.8473111428320408
2015-11-15,-0.8585440125316381
2015-11-17,-0.4266120186075568
2015-11-21,-0.4266120186075568
2015-11-22,-0.3916369639337063
2015-11-23,0.5120122395455837
2015-11-25,0.12451542541384697
2015-11-26,0.016552845016121864
2015-11-27,-0.1978885568678379
2015-11-28,0.4121114667505026
2015-12-01,-0.37263072840869427
2015-12-03,0.12451542541384697
2015-12-04,-0.9077893532812595
2015-12-07,-0.27878309413790703
2015-12-08,-0.8473111428320408
2015-12-11,0.14752952195703983
2015-12-13,0.09354823175817728
2015-12-17,-0.8697768822312355
2015-12-19,-0.33838376216590405
2015-12-21,0.1705436185002327
2015-12-23,-0.8697768822312355
2015-12-27,-0.9077893532812595
2015-12-28,0.24137715622782707
2015-12-29,0.1705436185002327
2015-12-31,-0.26755022443830967
2016-01-01,0.31221069395542145
2016-01-02,-0.26755022443830967
2016-01-03,-0.8697768822312355
2016-01-05,0.016552845016121864
2016-01-06,-0.8473111428320408
2016-01-07,-0.3916369639337063
2016-01-08,0.31221069395542145
2016-01-09,0.2642825422808528
2016-01-10,0.12451542541384697
2016-01-13,0.1705436185002327
2016-01-14,0.5120122395455837
2016-01-16,-0.37263072840869427
2016-01-17,0.31221069395542145
2016-01-18,-0.16764945164322853
2016-01-21,0.14752952195703983
2016-01-24,-0.4266120186075568
2016-01-25,0.5120122395455837
2016-01-26,-0.4266120186075568
2016-01-27,-0.8697768822312355
2016-01-28,0.016552845016121864
2016-01-30,-0.26755022443830967
2016-02-01,-0.1788823213428259
2016-02-02,0.016552845016121864
2016-02-04,0.5120122395455837
2016-02-05,0.12451542541384697
2016-02-06,0.1705436185002327
2016-02-07,-0.4266120186075568
2016-02-08,0.31826383247971535
2016-02-10,-0.8473111428320408
2016-02-11,0.2183630596846342
2016-02-12,-0.8775502480566502
2016-02-15,0.1705436185002327
2016-02-16,-0.8473111428320408
2016-02-18,-0.8473111428320408
2016-02-19,-0.8697768822312355
2016-02-20,-0.27878309413790703
2016-02-21,-0.8697768822312355
2016-02-22,-0.3496166318655014
2016-02-23,0.31221069395542145
2016-02-25,-0.3916369639337063
2016-02-26,-0.9077893532812595
2016-02-29,0.16438176948577166
2016-03-01,0.016552845016121864
2016-03-02,-0.8473111428320408
2016-03-04,-0.41537914890795946
2016-03-05,0.016552845016121864
2016-03-07,-0.41537914890795946
2016-03-10,0.2642825422808528
2016-03-11,0.12451542541384697
2016-03-16,0.3412779290229082
2016-03-17,-0.8697768822312355
2016-03-18,-0.3496166318655014
2016-03-19,-0.44561825413256884
2016-03-21,0.016552845016121864
2016-03-22,0.31826383247971535
2016-03-28,-0.4266120186075568
2016-03-30,-0.29778932966291904
2016-03-31,-0.8697768822312355
2016-04-07,-0.9077893532812595
2016-04-09,-0.8697768822312355
2016-04-10,-0.41537914890795946
2016-04-11,0.016552845016121864
2016-04-13,0.2183630596846342
2016-04-14,-0.37263072840869427
2016-04-16,0.31221069395542145
2016-04-18,0.3412779290229082
2016-04-20,0.1705436185002327
2016-04-21,-0.8473111428320408
2016-04-22,-0.8697768822312355
2016-04-23,-0.37263072840869427
2016-04-24,0.016552845016121864
2016-04-25,0.5120122395455837
2016-04-26,0.1705436185002327
2016-04-28,-0.16764945164322853
2016-04-29,-0.3496166318655014
2016-04-30,-0.16764945164322853
2016-05-03,0.31221069395542145
2016-05-07,0.12451542541384697
2016-05-08,0.31221069395542145
2016-05-09,0.12451542541384697
2016-05-10,0.31826383247971535
2016-05-11,0.12451542541384697
2016-05-13,-0.9077893532812595
2016-05-14,0.5120122395455837
2016-05-15,0.1705436185002327
2016-05-17,0.3412779290229082
2016-05-18,-0.16764945164322853
2016-05-20,0.31221069395542145
2016-05-23,-0.29778932966291904
2016-05-24,-0.9077893532812595
2016-05-25,0.31221069395542145
2016-05-26,-0.8473111428320408
2016-05-27,0.1705436185002327
2016-05-28,0.12451542541384697
2016-05-30,-0.9077893532812595
2016-05-31,0.016552845016121864
2016-06-03,0.016552845016121864
2016-06-05,-0.9077893532812595
2016-06-06,0.12451542541384697
2016-06-07,-0.37263072840869427
2016-06-08,0.09354823175817728
2016-06-09,0.1705436185002327
2016-06-11,0.12451542541384697
2016-06-12,0.31221069395542145
2016-06-13,0.31221069395542145
2016-06-14,0.5120122395455837
2016-06-15,-0.8473111428320408
2016-06-16,-0.1788823213428259
2016-06-17,0.24137715622782707
2016-06-18,-0.9077893532812595
2016-06-19,0.12451542541384697
2016-06-21,-0.8473111428320408
2016-06-22,0.12451542541384697
2016-06-23,0.1705436185002327
2016-06-25,-0.8473111428320408
2016-06-26,-0.9077893532812595
2016-06-28,-0.8585440125316381
2016-06-29,0.12451542541384697
2016-06-30,-0.9077893532812595
2016-07-02,-0.26755022443830967
2016-07-03,0.4121114667505026
2016-07-04,0.31221069395542145
2016-07-05,0.31221069395542145
2016-07-06,0.31221069395542145
2016-07-08,-0.3916369639337063
2016-07-10,0.31221069395542145
2016-07-11,-0.4266120186075568
2016-07-12,0.1705436185002327
2016-07-14,-0.8697768822312355
2016-07-18,0.016552845016121864
2016-07-19,0.1705436185002327
2016-07-21,-0.3613978587090969
2016-07-23,0.12451542541384697
2016-07-24,0.31221069395542145
2016-07-25,-0.3916369639337063
2016-07-26,0.12451542541384697
2016-07-27,-0.9077893532812595
2016-07-30,0.09354823175817728
2016-08-01,-0.1978885568678379
2016-08-02,-0.37263072840869427
2016-08-03,-0.29778932966291904
2016-08-04,0.1705436185002327
2016-08-05,-0.8887831177562475
2016-08-09,-0.1978885568678379
2016-08-10,0.31221069395542145
2016-08-14,0.1705436185002327
2016-08-15,0.5120122395455837
2016-08-16,0.2642825422808528
2016-08-19,-0.1978885568678379
2016-08-21,-0.9077893532812595
2016-08-22,0.016552845016121864
2016-08-24,-0.8473111428320408
2016-08-25,0.5120122395455837
2016-08-26,-0.8473111428320408
2016-08-27,-0.8473111428320408
2016-08-28,-0.3916369639337063
2016-08-29,0.5120122395455837
2016-08-31,0.5120122395455837
2016-09-01,-0.9077893532812595
2016-09-02,0.016552845016121864
2016-09-05,0.2183630596846342
2016-09-09,-0.8473111428320408
2016-09-10,-0.9077893532812595
2016-09-12,0.5120122395455837
2016-09-14,0.1705436185002327
2016-09-15,0.1705436185002327
2016-09-17,0.1705436185002327
2016-09-18,-0.16764945164322853
2016-09-22,-0.8697768822312355
2016-09-24,-0.9077893532812595
2016-09-25,0.24137715622782707
2016-09-26,0.12451542541384697
2016-09-30,-0.44561825413256884
2016-10-01,0.1705436185002327
2016-10-02,-0.4266120186075568
2016-10-03,0.016552845016121864
2016-10-04,-0.41537914890795946
2016-10-05,-0.41537914890795946
2016-10-07,-0.9077893532812595
2016-10-09,-0.8697768822312355
2016-10-10,-0.9077893532812595
2016-10-12,0.016552845016121864
2016-10-13,0.016552845016121864
2016-10-15,-0.3496166318655014
2016-10-16,0.1705436185002327
2016-10-19,0.5120122395455837
2016-10-21,-0.9077893532812595
2016-10-23,0.3412779290229082
2016-10-26,-0.8473111428320408
2016-10-27,-0.9077893532812595
2016-10-29,0.2183630596846342
2016-11-05,0.09354823175817728
2016-11-06,0.1705436185002327
2016-11-10,0.5120122395455837
2016-11-12,0.31221069395542145
2016-11-13,0.4121114667505026
2016-11-14,-0.26755022443830967
2016-11-15,0.016552845016121864
2016-11-16,-0.8473111428320408
2016-11-18,0.016552845016121864
2016-11-19,0.12451542541384697
2016-11-20,-0.37263072840869427
2016-11-21,-0.1788823213428259
2016-11-23,-0.33838376216590405
2016-11-24,0.1705436185002327
2016-11-26,-0.1788823213428259
2016-11-27,-0.9077893532812595
2016-11-28,0.07053413521498442
2016-11-29,-0.8697768822312355
2016-11-30,-0.8697768822312355
2016-12-03,-0.8697768822312355
2016-12-04,-0.3686228673905134
2016-12-05,-0.8775502480566502
2016-12-06,0.016552845016121864
2016-12-08,0.016552845016121864
2016-12-10,-0.8473111428320408
2016-12-11,0.12451542541384697
2016-12-13,-0.3496166318655014
2016-12-14,-0.4266120186075568
2016-12-18,-0.1788823213428259
2016-12-22,0.5120122395455837
2016-12-24,-0.3613978587090969
2016-12-27,-0.1978885568678379
2016-12-29,0.2642825422808528
2016-12-30,0.31221069395542145
2016-12-31,0.4121114667505026
2017-01-01,0.09354823175817728
2017-01-02,-0.9077893532812595
2017-01-03,-0.8887831177562475
2017-01-04,-0.29778932966291904
2017-01-05,-0.16764945164322853
2017-01-07,0.5120122395455837
2017-01-08,-0.8697768822312355
2017-01-09,0.1705436185002327
2017-01-10,0.24137715622782707
2017-01-11,0.5120122395455837
2017-01-12,0.09354823175817728
2017-01-13,-0.27878309413790703
2017-01-14,0.1705436185002327
2017-01-15,0.1705436185002327
2017-01-16,-0.8775502480566502
2017-01-17,-0.16764945164322853
2017-01-19,-0.41537914890795946
2017-01-22,0.16438176948577166
2017-01-23,-0.8697768822312355
2017-01-24,0.5120122395455837
2017-01-25,0.016552845016121864
2017-01-29,0.5120122395455837
2017-01-30,-0.3613978587090969
2017-01-31,0.5120122395455837
2017-02-02,0.5120122395455837
2017-02-03,0.31221069395542145
2017-02-04,0.4121114667505026
2017-02-05,0.31221069395542145
2017-02-07,0.07053413521498442
2017-02-09,0.016552845016121864
2017-02-10,-0.8585440125316381
2017-02-12,0.12451542541384697
2017-02-14,-0.8775502480566502
2017-02-16,-0.27878309413790703
2017-02-17,0.14752952195703983
2017-02-18,-0.8697768822312355
2017-02-21,0.016552845016121864
2017-02-22,0.12451542541384697
2017-02-23,-0.8697768822312355
2017-02-24,0.016552845016121864
2017-02-25,0.016552845016121864
2017-02-26,0.016552845016121864
2017-02-27,-0.8697768822312355
2017-02-28,0.31221069395542145
2017-03-01,0.12451542541384697
2017-03-02,0.016552845016121864
2017-03-03,0.31221069395542145
2017-03-04,0.3412779290229082
2017-03-05,0.2642825422808528
2017-03-06,-0.8585440125316381
2017-03-08,-0.3916369639337063
2017-03-09,0.31221069395542145
2017-03-10,0.1705436185002327
2017-03-11,-0.3686228673905134
2017-03-12,-0.8697768822312355
2017-03-14,0.14752952195703983
2017-03-15,-0.3613978587090969
2017-03-16,-0.27878309413790703
2017-03-17,-0.27878309413790703
2017-03-20,-0.33838376216590405
2017-03-22,-0.8585440125316381
2017-03-23,-0.8697768822312355
2017-03-24,-0.3686228673905134
2017-03-25,0.5120122395455837
2017-03-26,0.16438176948577166
2017-03-27,-0.3496166318655014
2017-03-29,-0.8473111428320408
2017-03-31,0.5120122395455837
2017-04-02,-0.9077893532812595
2017-04-03,-0.8697768822312355
2017-04-05,0.1705436185002327
2017-04-06,0.31221069395542145
2017-04-07,0.2642825422808528
2017-04-09,-0.1978885568678379
2017-04-11,0.2183630596846342
2017-04-12,-0.9077893532812595
2017-04-13,0.1705436185002327
2017-04-14,-0.44561825413256884
2017-04-15,-0.9077893532812595
2017-04-16,0.12451542541384697
2017-04-17,0.1705436185002327
2017-04-19,-0.9077893532812595
2017-04-20,-0.8473111428320408
2017-04-22,-0.9077893532812595
2017-04-24,0.31826383247971535
2017-04-25,0.016552845016121864
2017-04-26,0.07053413521498442
2017-04-29,0.12451542541384697
2017-04-30,0.16438176948577166
2017-05-01,-0.8473111428320408
2017-05-02,-0.8473111428320408
2017-05-03,-0.9077893532812595
2017-05-04,0.24137715622782707
2017-05-05,0.1705436185002327
2017-05-06,-0.8775502480566502
2017-05-08,-0.8697768822312355
2017-05-10,0.12451542541384697
2017-05-14,0.3412779290229082
2017-05-15,0.3412779290229082
2017-05-16,0.12451542541384697
2017-05-17,0.1705436185002327
2017-05-18,0.3412779290229082
2017-05-19,0.16438176948577166
2017-05-20,-0.4266120186075568
2017-05-21,-0.9077893532812595
2017-05-22,0.016552845016121864
2017-05-24,0.016552845016121864
2017-05-27,0.09354823175817728
2017-05-28,0.31221069395542145
2017-05-29,-0.8473111428320408
2017-05-30,-0.8887831177562475
2017-05-31,-0.9077893532812595
2017-06-02,0.5120122395455837
2017-06-03,-0.8585440125316381
2017-06-04,0.016552845016121864
2017-06-05,-0.3916369639337063
2017-06-06,0.2642825422808528
2017-06-08,0.12451542541384697
2017-06-09,-0.9077893532812595
2017-06-10,-0.27878309413790703
2017-06-11,-0.8585440125316381
2017-06-12,-0.8473111428320408
2017-06-14,0.09354823175817728
2017-06-17,0.016552845016121864
2017-06-18,-0.8473111428320408
2017-06-19,0.12451542541384697
2017-06-20,-0.37263072840869427
2017-06-21,-0.9077893532812595
2017-06-22,0.31221069395542145
2017-06-23,-0.37263072840869427
2017-06-24,0.016552845016121864
2017-06-25,0.2183630596846342
2017-06-27,-0.9077893532812595
2017-06-28,0.016552845016121864
2017-07-02,0.31826383247971535
2017-07-03,-0.8473111428320408
2017-07-04,0.31221069395542145
2017-07-06,-0.8697768822312355
2017-07-07,-0.33838376216590405
2017-07-08,0.5120122395455837
2017-07-09,-0.3613978587090969
2017-07-10,0.2642825422808528
2017-07-11,-0.29778932966291904
2017-07-12,0.5120122395455837
2017-07-14,-0.8473111428320408
2017-07-17,0.016552845016121864
2017-07-20,-0.8697768822312355
2017-07-21,-0.33838376216590405
2017-07-22,-0.16764945164322853
2017-07-24,0.5120122395455837
2017-07-25,0.31221069395542145
2017-07-26,0.12451542541384697
2017-07-27,0.1705436185002327
2017-07-28,-0.9077893532812595
2017-07-29,0.12451542541384697
2017-07-30,-0.9077893532812595
2017-07-31,0.14752952195703983
2017-08-02,0.1705436185002327
2017-08-03,-0.8697768822312355
2017-08-05,-0.3916369639337063
2017-08-06,0.31221069395542145
2017-08-07,-0.8473111428320408
2017-08-08,0.5120122395455837
2017-08-09,-0.4266120186075568
2017-08-10,-0.8473111428320408
2017-08-11,0.1705436185002327
2017-08-12,0.5120122395455837
2017-08-13,-0.8697768822312355
2017-08-15,-0.1788823213428259
2017-08-16,-0.33838376216590405
2017-08-17,-0.29778932966291904
2017-08-18,-0.8697768822312355
2017-08-19,0.31221069395542145
2017-08-20,0.016552845016121864
2017-08-22,0.1705436185002327
2017-08-23,0.3412779290229082
2017-08-28,0.2642825422808528
2017-08-29,-0.8473111428320408
2017-08-30,0.12451542541384697
2017-08-31,-0.27878309413790703
2017-09-02,-0.41537914890795946
2017-09-04,0.016552845016121864
2017-09-05,0.31221069395542145
2017-09-06,-0.8697768822312355
2017-09-08,-0.9077893532812595
2017-09-09,-0.27878309413790703
2017-09-10,0.016552845016121864
2017-09-13,-0.3916369639337063
2017-09-14,0.12451542541384697
2017-09-15,0.12451542541384697
2017-09-16,-0.44561825413256884
2017-09-17,-0.9077893532812595
2017-09-18,-0.16764945164322853
2017-09-19,0.016552845016121864
2017-09-20,-0.8473111428320408
2017-09-21,-0.8697768822312355
2017-09-22,0.31221069395542145
2017-09-25,0.31221069395542145
2017-09-26,-0.8473111428320408
2017-09-27,-0.3916369639337063
2017-09-28,-0.3916369639337063
2017-09-29,0.14752952195703983
2017-10-01,-0.8473111428320408
2017-10-03,0.31826383247971535
2017-10-04,0.24137715622782707
2017-10-06,-0.8697768822312355
2017-10-08,-0.3496166318655014
2017-10-09,-0.3686228673905134
2017-10-10,-0.1978885568678379
2017-10-11,0.12451542541384697
2017-10-12,-0.26755022443830967
2017-10-14,0.31221069395542145
2017-10-15,-0.4266120186075568
2017-10-16,-0.9077893532812595
2017-10-19,-0.44561825413256884
2017-10-20,0.1705436185002327
2017-10-22,0.1705436185002327
2017-10-23,0.31221069395542145
2017-10-25,-0.1788823213428259
2017-10-26,-0.29778932966291904
2017-10-28,0.5120122395455837
2017-10-29,0.07053413521498442
2017-11-01,-0.33838376216590405
2017-11-02,0.31221069395542145
2017-11-03,-0.8585440125316381
2017-11-04,0.1705436185002327
2017-11-05,0.5120122395455837
2017-11-10,-0.37263072840869427
2017-11-11,0.09354823175817728
2017-11-14,0.12451542541384697
2017-11-15,0.2642825422808528
2017-11-16,0.4121114667505026
2017-11-17,0.4121114667505026
2017-11-18,0.1705436185002327
2017-11-19,-0.8887831177562475
2017-11-21,-0.16764945164322853
2017-11-24,-0.8473111428320408
2017-11-25,-0.9077893532812595
2017-11-26,0.1705436185002327
2017-11-28,0.14752952195703983
2017-11-29,0.09354823175817728
2017-12-01,-0.8473111428320408
2017-12-02,0.14752952195703983
2017-12-03,0.07053413521498442
2017-12-04,-0.3916369639337063
2017-12-05,0.1705436185002327
2017-12-07,0.16438176948577166
2017-12-09,-0.3496166318655014
2017-12-10,0.14752952195703983
2017-12-11,0.07053413521498442
2017-12-12,0.31221069395542145
2017-12-14,-0.1788823213428259
2017-12-15,-0.8697768822312355
2017-12-16,0.1705436185002327
2017-12-18,0.1705436185002327
2017-12-19,-0.4266120186075568
2017-12-20,0.09354823175817728
2017-12-21,-0.4266120186075568
2017-12-23,0.31221069395542145
2017-12-25,-0.37263072840869427
2017-12-26,-0.8473111428320408
2017-12-27,0.016552845016121864
2017-12-28,0.5120122395455837
2017-12-29,0.016552845016121864
2017-12-30,-0.16764945164322853
2017-12-31,0.1705436185002327
2018-01-01,-0.3916369639337063
2018-01-03,-0.8697768822312355
2018-01-05,0.016552845016121864
2018-01-06,-0.29778932966291904
2018-01-07,0.31221069395542145
2018-01-08,-0.8697768822312355
2018-01-09,-0.37263072840869427
2018-01-11,0.016552845016121864
2018-01-12,0.09354823175817728
2018-01-16,0.24137715622782707
2018-01-17,-0.3686228673905134
2018-01-18,0.5120122395455837
2018-01-19,0.1705436185002327
2018-01-20,0.5120122395455837
2018-01-21,-0.1788823213428259
2018-01-23,0.09354823175817728
2018-01-25,0.24137715622782707
2018-01-26,0.14752952195703983
2018-01-27,-0.3613978587090969
2018-01-28,-0.9077893532812595
2018-01-29,-0.8697768822312355
2018-01-30,-0.16764945164322853
2018-01-31,0.5120122395455837
2018-02-01,-0.8473111428320408
2018-02-02,0.5120122395455837
2018-02-03,0.12451542541384697
2018-02-05,0.14752952195703983
2018-02-06,0.016552845016121864
2018-02-07,-0.1788823213428259
2018-02-08,0.5120122395455837
2018-02-09,-0.26755022443830967
2018-02-10,0.12451542541384697
2018-02-11,-0.8585440125316381
2018-02-15,0.016552845016121864
2018-02-16,-0.26755022443830967
2018-02-17,-0.8697768822312355
2018-02-21,-0.8775502480566502
2018-02-23,-0.1788823213428259
2018-02-24,-0.3496166318655014
2018-02-25,0.5120122395455837
2018-02-26,-0.1978885568678379
2018-02-28,0.5120122395455837
2018-03-02,-0.8473111428320408
2018-03-04,0.5120122395455837
2018-03-09,0.1705436185002327
2018-03-10,-0.1788823213428259
2018-03-16,-0.8473111428320408
2018-03-18,0.2183630596846342
2018-03-19,-0.8473111428320408
2018-03-22,0.31221069395542145
2018-03-23,0.5120122395455837
2018-03-25,0.016552845016121864
2018-03-28,-0.8775502480566502
2018-03-29,-0.1978885568678379
2018-03-30,0.16438176948577166
2018-03-31,0.016552845016121864
2018-04-01,0.31221069395542145
2018-04-02,-0.27878309413790703
2018-04-03,-0.3686228673905134
2018-04-05,0.1705436185002327
2018-04-06,0.016552845016121864
2018-04-08,0.31221069395542145
2018-04-09,0.2642825422808528
2018-04-10,0.2642825422808528
2018-04-12,-0.8697768822312355
2018-04-14,-0.8697768822312355
2018-04-15,0.07053413521498442
2018-04-18,-0.8697768822312355
2018-04-19,0.016552845016121864
2018-04-20,0.09354823175817728
2018-04-21,-0.29778932966291904
2018-04-22,0.4121114667505026
2018-04-23,0.24137715622782707
2018-04-24,0.016552845016121864
2018-04-25,0.5120122395455837
2018-04-27,0.31221069395542145
2018-04-29,0.31221069395542145
2018-04-30,-0.1978885568678379
2018-05-02,0.31221069395542145
2018-05-04,-0.3916369639337063
2018-05-05,0.12451542541384697
2018-05-07,-0.8473111428320408
2018-05-08,0.12451542541384697
2018-05-09,-0.44561825413256884
2018-05-10,0.24137715622782707
2018-05-13,-0.8697768822312355
2018-05-14,-0.8473111428320408
2018-05-15,0.1705436185002327
2018-05-16,0.12451542541384697
2018-05-18,-0.8473111428320408
2018-05-19,-0.3916369639337063
2018-05-20,-0.41537914890795946
2018-05-21,-0.27878309413790703
2018-05-22,-0.8473111428320408
2018-05-23,-0.27878309413790703
2018-05-24,0.1705436185002327
2018-05-26,0.31221069395542145
2018-05-27,0.4121114667505026
2018-05-28,0.1705436185002327
2018-05-31,0.016552845016121864
2018-06-02,-0.26755022443830967
2018-06-03,0.3412779290229082
2018-06-04,0.1705436185002327
2018-06-05,0.12451542541384697
2018-06-06,-0.1978885568678379
2018-06-07,-0.9077893532812595
2018-06-10,-0.9077893532812595
2018-06-11,0.4121114667505026
2018-06-12,-0.8697768822312355
2018-06-14,0.1705436185002327
2018-06-15,0.5120122395455837
2018-06-18,-0.9077893532812595
2018-06-19,0.12451542541384697
2018-06-20,-0.41537914890795946
2018-06-21,-0.4266120186075568
2018-06-22,-0.8473111428320408
2018-06-23,-0.4266120186075568
2018-06-24,0.16438176948577166
2018-06-25,-0.41537914890795946
2018-06-26,0.1705436185002327
2018-06-27,0.1705436185002327
2018-06-29,0.5120122395455837
2018-07-01,0.31221069395542145
2018-07-02,-0.8775502480566502
2018-07-03,-0.9077893532812595
2018-07-04,-0.4266120186075568
2018-07-06,0.1705436185002327
2018-07-07,0.31221069395542145
2018-07-08,0.12451542541384697
2018-07-09,-0.26755022443830967
2018-07-12,0.31221069395542145
2018-07-13,0.1705436185002327
2018-07-14,-0.37263072840869427
2018-07-15,-0.9077893532812595
2018-07-18,-0.8887831177562475
2018-07-20,-0.9077893532812595
2018-07-21,-0.44561825413256884
2018-07-22,-0.44561825413256884
2018-07-23,0.5120122395455837
2018-07-24,-0.33838376216590405
2018-07-26,0.5120122395455837
2018-07-27,-0.9077893532812595
2018-07-28,-0.3613978587090969
2018-07-29,-0.26755022443830967
2018-07-30,0.31221069395542145
2018-07-31,-0.9077893532812595
2018-08-01,0.016552845016121864
2018-08-03,-0.8697768822312355
2018-08-04,-0.8775502480566502
2018-08-05,0.5120122395455837
2018-08-06,0.09354823175817728
2018-08-08,0.016552845016121864
2018-08-09,-0.9077893532812595
2018-08-11,-0.37263072840869427
2018-08-12,-0.8697768822312355
2018-08-13,0.31221069395542145
2018-08-15,-0.26755022443830967
2018-08-16,-0.9077893532812595
2018-08-17,-0.8473111428320408
2018-08-18,0.2642825422808528
2018-08-19,-0.8473111428320408
2018-08-20,0.016552845016121864
2018-08-21,-0.9077893532812595
2018-08-22,0.3412779290229082
2018-08-25,-0.8473111428320408
2018-08-26,-0.3916369639337063
2018-08-29,0.07053413521498442
2018-08-30,0.5120122395455837
2018-09-01,-0.9077893532812595
2018-09-02,-0.3686228673905134
2018-09-04,-0.8697768822312355
2018-09-05,-0.1788823213428259
2018-09-06,0.4121114667505026
2018-09-10,0.12451542541384697
2018-09-11,0.12451542541384697
2018-09-12,-0.9077893532812595
2018-09-13,-0.9077893532812595
2018-09-14,-0.9077893532812595
2018-09-15,-0.37263072840869427
2018-09-16,0.2642825422808528
2018-09-17,-0.8697768822312355
2018-09-19,-0.9077893532812595
2018-09-20,-0.8887831177562475
2018-09-21,0.16438176948577166
2018-09-22,-0.8775502480566502
2018-09-23,0.016552845016121864
2018-09-24,-0.41537914890795946
2018-09-25,0.016552845016121864
2018-09-27,-0.3496166318655014
2018-09-29,-0.8697768822312355
2018-10-01,-0.8775502480566502
2018-10-02,0.31221069395542145
2018-10-05,-0.8697768822312355
2018-10-08,0.12451542541384697
2018-10-09,0.07053413521498442
2018-10-11,0.12451542541384697
2018-10-14,0.1705436185002327
2018-10-16,0.5120122395455837
2018-10-17,-0.3916369639337063
2018-10-18,-0.27878309413790703
2018-10-20,-0.8473111428320408
2018-10-23,-0.1788823213428259
2018-10-24,0.5120122395455837
2018-10-25,-0.3496166318655014
2018-10-26,0.07053413521498442
2018-10-30,-0.8697768822312355
2018-10-31,0.12451542541384697
2018-11-02,-0.3686228673905134
2018-11-03,0.2183630596846342
2018-11-04,0.5120122395455837
2018-11-05,0.31826383247971535
2018-11-06,0.12451542541384697
2018-11-10,0.16438176948577166
2018-11-11,-0.1788823213428259
2018-11-12,-0.8585440125316381
2018-11-13,0.5120122395455837
2018-11-14,-0.41537914890795946
2018-11-17,-0.26755022443830967
2018-11-18,0.31221069395542145
2018-11-19,0.5120122395455837
2018-11-20,-0.3613978587090969
2018-11-22,-0.26755022443830967
2018-11-23,-0.4266120186075568
2018-11-25,-0.9077893532812595
2018-11-26,0.016552845016121864
2018-11-28,-0.8473111428320408
2018-12-03,0.016552845016121864
2018-12-06,-0.9077893532812595
2018-12-07,0.12451542541384697
2018-12-09,0.5120122395455837
2018-12-11,-0.8473111428320408
2018-12-13,-0.3496166318655014
2018-12-16,-0.26755022443830967
2018-12-18,-0.3496166318655014
2018-12-20,0.09354823175817728
2018-12-21,-0.9077893532812595
2018-12-22,-0.8697768822312355
2018-12-23,-0.8697768822312355
2018-12-25,-0.8697768822312355
2018-12-26,-0.3496166318655014
2018-12-27,-0.41537914890795946
2018-12-29,0.12451542541384697
2018-12-31,-0.8697768822312355
2019-01-01,0.31221069395542145
2019-01-02,0.016552845016121864
2019-01-03,-0.8473111428320408
2019-01-05,-0.8697768822312355
2019-01-06,-0.8585440125316381
2019-01-07,-0.4266120186075568
2019-01-08,-0.8473111428320408
2019-01-10,0.1705436185002327
2019-01-11,-0.3916369639337063
2019-01-12,-0.16764945164322853
2019-01-14,-0.8697768822312355
2019-01-15,-0.8473111428320408
2019-01-16,0.14752952195703983
2019-01-19,0.12451542541384697
2019-01-20,0.3412779290229082
2019-01-21,-0.8697768822312355
2019-01-22,0.1705436185002327
2019-01-23,0.07053413521498442
2019-01-24,0.5120122395455837
2019-01-25,0.016552845016121864
2019-01-27,0.016552845016121864
2019-01-28,0.14752952195703983
2019-01-31,-0.3916369639337063
2019-02-01,0.12451542541384697
2019-02-02,-0.8887831177562475
2019-02-03,-0.8697768822312355
2019-02-04,-0.33838376216590405
2019-02-06,-0.37263072840869427
2019-02-08,-0.9077893532812595
2019-02-09,-0.16764945164322853
2019-02-12,-0.8473111428320408
2019-02-14,0.31221069395542145
2019-02-15,-0.3613978587090969
2019-02-16,0.5120122395455837
2019-02-18,-0.9077893532812595
2019-02-19,0.09354823175817728
2019-02-20,0.1705436185002327
2019-02-21,-0.8473111428320408
2019-02-22,-0.8585440125316381
2019-02-24,0.3412779290229082
2019-02-26,-0.3496166318655014
2019-02-27,-0.3686228673905134
2019-03-01,-0.26755022443830967
2019-03-03,0.5120122395455837
2019-03-04,0.5120122395455837
2019-03-06,-0.3496166318655014
2019-03-07,0.016552845016121864
2019-03-08,-0.37263072840869427
2019-03-09,0.12451542541384697
2019-03-10,0.3412779290229082
2019-03-12,0.1705436185002327
2019-03-14,0.12451542541384697
2019-03-17,0.09354823175817728
2019-03-18,-0.9077893532812595
2019-03-21,0.016552845016121864
2019-03-22,0.12451542541384697
2019-03-26,0.016552845016121864
2019-03-27,-0.3496166318655014
2019-03-29,0.31826383247971535
2019-03-30,-0.8697768822312355
2019-03-31,0.5120122395455837
2019-04-01,0.09354823175817728
2019-04-07,0.016552845016121864
2019-04-08,-0.9077893532812595
2019-04-09,0.12451542541384697
2019-04-12,-0.8697768822312355
2019-04-13,-0.44561825413256884
2019-04-15,0.07053413521498442
2019-04-16,-0.41537914890795946
2019-04-17,-0.3496166318655014
2019-04-19,-0.26755022443830967
2019-04-20,0.31221069395542145
2019-04-22,0.31221069395542145
2019-04-23,0.016552845016121864
2019-04-24,0.12451542541384697
2019-04-26,-0.27878309413790703
2019-04-27,-0.44561825413256884
2019-04-29,0.3412779290229082
2019-04-30,0.016552845016121864
2019-05-01,-0.1788823213428259
2019-05-02,0.12451542541384697
2019-05-03,-0.3916369639337063
2019-05-04,0.07053413521498442
2019-05-06,-0.3686228673905134
2019-05-07,0.5120122395455837
2019-05-08,-0.9077893532812595
2019-05-09,0.31221069395542145
2019-05-10,-0.8887831177562475
2019-05-14,-0.4266120186075568
2019-05-15,-0.8697768822312355
2019-05-16,0.5120122395455837
2019-05-17,-0.3686228673905134
2019-05-18,-0.9077893532812595
2019-05-21,0.31826383247971535
2019-05-22,0.016552845016121864
2019-05-24,0.07053413521498442
2019-05-26,0.12451542541384697
2019-05-27,0.016552845016121864
2019-05-29,-0.8697768822312355
2019-06-01,0.3412779290229082
2019-06-02,0.016552845016121864
2019-06-03,-0.9077893532812595
2019-06-04,-0.8473111428320408
2019-06-06,-0.8473111428320408
2019-06-07,-0.8473111428320408
2019-06-08,0.4121114667505026
2019-06-09,0.14752952195703983
2019-06-11,0.12451542541384697
2019-06-15,0.5120122395455837
2019-06-17,-0.8697768822312355
2019-06-18,0.12451542541384697
2019-06-20,-0.44561825413256884
2019-06-22,0.31221069395542145
2019-06-23,0.12451542541384697
2019-06-24,0.31826383247971535
2019-06-25,0.31826383247971535
2019-06-26,-0.8585440125316381
2019-06-27,0.31221069395542145
2019-06-28,-0.3496166318655014
2019-06-29,-0.9077893532812595
2019-06-30,0.5120122395455837
2019-07-02,0.12451542541384697
2019-07-03,0.31221069395542145
2019-07-04,-0.3613978587090969
2019-07-05,-0.1978885568678379
2019-07-06,0.12451542541384697
2019-07-08,0.016552845016121864
2019-07-09,-0.33838376216590405
2019-07-10,-0.3916369639337063
2019-07-12,-0.8473111428320408
2019-07-13,-0.1978885568678379
2019-07-14,0.14752952195703983
2019-07-15,-0.9077893532812595
2019-07-18,-0.8473111428320408
2019-07-21,0.2183630596846342
2019-07-22,-0.8887831177562475
2019-07-24,-0.8697768822312355
2019-07-25,0.2642825422808528
2019-07-27,0.12451542541384697
2019-07-28,0.12451542541384697
2019-07-29,0.3412779290229082
2019-07-30,-0.3916369639337063
2019-07-31,-0.8473111428320408
2019-08-01,0.12451542541384697
2019-08-03,-0.27878309413790703
2019-08-04,-0.8473111428320408
2019-08-05,-0.8697768822312355
2019-08-06,0.31221069395542145
2019-08-07,-0.4266120186075568
2019-08-09,-0.8473111428320408
2019-08-11,0.07053413521498442
2019-08-12,-0.9077893532812595
2019-08-13,-0.26755022443830967
2019-08-14,0.31221069395542145
2019-08-15,-0.8697768822312355
2019-08-16,0.12451542541384697
2019-08-17,0.31221069395542145
2019-08-18,-0.8473111428320408
2019-08-19,0.1705436185002327
2019-08-21,-0.8887831177562475
2019-08-22,0.12451542541384697
2019-08-23,0.1705436185002327
2019-08-24,-0.8585440125316381
2019-08-26,0.016552845016121864
2019-08-27,0.016552845016121864
2019-08-28,0.12451542541384697
2019-08-29,0.16438176948577166
2019-08-30,-0.8697768822312355
2019-08-31,0.5120122395455837
2019-09-01,-0.33838376216590405
2019-09-02,0.5120122395455837
2019-09-04,-0.27878309413790703
2019-09-06,-0.8697768822312355
2019-09-10,-0.1978885568678379
2019-09-11,0.5120122395455837
2019-09-12,-0.8697768822312355
2019-09-13,-0.8887831177562475
2019-09-15,0.09354823175817728
2019-09-17,0.12451542541384697
2019-09-18,-0.26755022443830967
2019-09-20,0.1705436185002327
2019-09-21,0.09354823175817728
2019-09-24,-0.8473111428320408
2019-09-26,0.016552845016121864
2019-09-29,-0.3496166318655014
2019-09-30,0.5120122395455837
2019-10-02,0.12451542541384697
2019-10-06,0.12451542541384697
2019-10-07,0.1705436185002327
2019-10-08,-0.8473111428320408
2019-10-09,0.5120122395455837
2019-10-10,-0.3496166318655014
2019-10-11,0.5120122395455837
2019-10-12,0.09354823175817728
2019-10-13,-0.3916369639337063
2019-10-15,0.16438176948577166
2019-10-16,0.5120122395455837
2019-10-17,-0.26755022443830967
2019-10-18,-0.9077893532812595
2019-10-19,0.1705436185002327
2019-10-20,0.31221069395542145
2019-10-21,-0.9077893532812595
2019-10-22,0.1705436185002327
2019-10-24,-0.1978885568678379
2019-10-25,-0.4266120186075568
2019-10-27,0.16438176948577166
2019-10-28,-0.1788823213428259
2019-10-29,0.31221069395542145
2019-10-30,-0.1788823213428259
2019-10-31,0.3412779290229082
2019-11-01,0.1705436185002327
2019-11-04,0.2642825422808528
2019-11-06,-0.44561825413256884
2019-11-08,-0.9077893532812595
2019-11-09,-0.3613978587090969
2019-11-10,0.016552845016121864
2019-11-11,0.12451542541384697
2019-11-12,0.1705436185002327
2019-11-15,0.07053413521498442
2019-11-16,0.016552845016121864
2019-11-17,-0.8775502480566502
2019-11-18,0.5120122395455837
2019-11-19,-0.3613978587090969
2019-11-21,0.24137715622782707
2019-11-23,-0.8473111428320408
2019-11-24,0.2642825422808528
2019-11-25,0.31826383247971535
2019-11-26,0.5120122395455837
2019-11-28,0.09354823175817728
2019-11-29,0.5120122395455837
2019-11-30,0.1705436185002327
2019-12-01,0.24137715622782707
2019-12-02,0.016552845016121864
2019-12-03,-0.37263072840869427
2019-12-04,0.12451542541384697
2019-12-05,0.4121114667505026
2019-12-07,-0.8887831177562475
2019-12-09,0.24137715622782707
2019-12-10,0.016552845016121864
2019-12-11,-0.33838376216590405
2019-12-14,-0.8473111428320408
2019-12-15,0.4121114667505026
2019-12-16,-0.8473111428320408
2019-12-17,0.12451542541384697
2019-12-18,-0.41537914890795946
2019-12-20,0.5120122395455837
2019-12-22,0.5120122395455837
2019-12-23,0.31826383247971535
2019-12-24,0.1705436185002327
2019-12-25,-0.41537914890795946
2019-12-27,0.016552845016121864
2019-12-29,0.31221069395542145
2019-12-30,-0.27878309413790703
2020-01-01,-0.8473111428320408
2020-01-02,-0.8473111428320408
2020-01-04,0.31221069395542145
2020-01-05,-0.8775502480566502
2020-01-06,0.16438176948577166
2020-01-07,0.016552845016121864
2020-01-08,-0.9077893532812595
2020-01-09,0.5120122395455837
2020-01-10,-0.8473111428320408
2020-01-11,0.24137715622782707
2020-01-12,0.5120122395455837
2020-01-13,0.5120122395455837
2020-01-14,-0.8697768822312355
2020-01-15,0.1705436185002327
2020-01-17,0.31221069395542145
2020-01-22,-0.3496166318655014
2020-01-23,-0.8887831177562475
2020-01-24,0.31221069395542145
2020-01-25,-0.8775502480566502
2020-01-26,0.1705436185002327
2020-01-27,-0.33838376216590405
2020-01-28,0.31826383247971535
2020-01-29,-0.8697768822312355
2020-02-01,-0.9077893532812595
2020-02-03,-0.9077893532812595
2020-02-04,0.5120122395455837
2020-02-07,-0.9077893532812595
2020-02-08,0.1705436185002327
2020-02-09,0.14752952195703983
2020-02-12,0.12451542541384697
2020-02-13,0.14752952195703983
2020-02-15,0.2183630596846342
2020-02-16,-0.1978885568678379
2020-02-17,-0.8473111428320408
2020-02-18,-0.3916369639337063
2020-02-19,0.2183630596846342
2020-02-20,0.31221069395542145
2020-02-21,0.07053413521498442
2020-02-22,-0.33838376216590405
2020-02-25,-0.4266120186075568
2020-02-27,0.12451542541384697
2020-02-28,0.12451542541384697
2020-02-29,-0.1788823213428259
2020-03-02,0.07053413521498442
2020-03-03,-0.37263072840869427
2020-03-05,0.016552845016121864
2020-03-07,0.5120122395455837
2020-03-08,-0.27878309413790703
2020-03-09,0.31221069395542145
2020-03-10,0.14752952195703983
2020-03-11,-0.3686228673905134
2020-03-13,0.12451542541384697
2020-03-14,-0.4266120186075568
2020-03-15,0.12451542541384697
2020-03-16,-0.8697768822312355
2020-03-18,0.09354823175817728
2020-03-19,0.31221069395542145
2020-03-22,-0.3686228673905134
2020-03-23,-0.3686228673905134
2020-03-24,-0.37263072840869427
2020-03-25,0.31826383247971535
2020-03-26,0.5120122395455837
2020-03-27,0.31221069395542145
2020-03-29,-0.29778932966291904
2020-03-30,-0.8697768822312355
2020-03-31,-0.9077893532812595
2020-04-01,-0.8473111428320408
2020-04-03,0.09354823175817728
2020-04-04,-0.1788823213428259
2020-04-05,-0.8585440125316381
2020-04-06,0.016552845016121864
2020-04-07,-0.8697768822312355
2020-04-10,0.31221069395542145
2020-04-11,0.016552845016121864
2020-04-13,0.1705436185002327
2020-04-14,0.5120122395455837
2020-04-15,-0.8697768822312355
2020-04-16,0.4121114667505026
2020-04-17,-0.9077893532812595
2020-04-18,0.016552845016121864
2020-04-19,0.5120122395455837
2020-04-20,-0.26755022443830967
2020-04-21,-0.44561825413256884
2020-04-22,-0.44561825413256884
2020-04-25,0.1705436185002327
2020-04-26,-0.8697768822312355
2020-04-29,0.2183630596846342
2020-04-30,0.5120122395455837
2020-05-01,0.5120122395455837
2020-05-02,-0.16764945164322853
2020-05-04,-0.3496166318655014
2020-05-06,-0.8697768822312355
2020-05-07,0.5120122395455837
2020-05-08,-0.3686228673905134
2020-05-09,-0.8473111428320408
2020-05-10,0.31221069395542145
2020-05-11,0.016552845016121864
2020-05-13,0.12451542541384697
2020-05-16,-0.37263072840869427
2020-05-18,-0.8887831177562475
2020-05-20,-0.4266120186075568
2020-05-22,-0.3613978587090969
2020-05-23,0.12451542541384697
2020-05-25,0.31221069395542145
2020-05-27,-0.8697768822312355
2020-05-28,0.1705436185002327
2020-05-29,-0.8697768822312355
2020-05-30,-0.8473111428320408
2020-05-31,0.1705436185002327
2020-06-01,0.3412779290229082
2020-06-02,-0.9077893532812595
2020-06-03,-0.8697768822312355
2020-06-04,0.31221069395542145
2020-06-05,-0.26755022443830967
2020-06-06,-0.8887831177562475
2020-06-07,-0.26755022443830967
2020-06-09,0.5120122395455837
2020-06-10,-0.26755022443830967
2020-06-11,0.31826383247971535
2020-06-12,-0.8473111428320408
2020-06-14,-0.29778932966291904
2020-06-16,-0.8473111428320408
2020-06-17,-0.33838376216590405
2020-06-19,-0.26755022443830967
2020-06-21,0.31826383247971535
2020-06-23,-0.3916369639337063
2020-06-25,0.12451542541384697
2020-06-26,0.31221069395542145
2020-06-28,-0.1788823213428259
2020-06-29,0.3412779290229082
2020-06-30,0.24137715622782707
2020-07-01,0.12451542541384697
2020-07-02,-0.3496166318655014
2020-07-03,0.12451542541384697
2020-07-04,-0.8473111428320408
2020-07-07,-0.8775502480566502
2020-07-09,0.016552845016121864
2020-07-10,0.5120122395455837
2020-07-13,-0.8473111428320408
2020-07-14,0.16438176948577166
2020-07-16,0.1705436185002327
2020-07-19,0.016552845016121864
2020-07-20,0.2183630596846342
2020-07-21,-0.3686228673905134
2020-07-23,0.16438176948577166
2020-07-24,0.09354823175817728
2020-07-25,0.1705436185002327
2020-07-26,-0.8697768822312355
2020-07-27,0.31221069395542145
2020-07-29,0.24137715622782707
2020-07-30,-0.26755022443830967
2020-07-31,0.31221069395542145
2020-08-02,0.5120122395455837
2020-08-03,-0.8473111428320408
2020-08-04,0.3412779290229082
2020-08-05,0.4121114667505026
2020-08-07,0.31221069395542145
2020-08-08,-0.27878309413790703
2020-08-09,0.1705436185002327
2020-08-10,-0.9077893532812595
2020-08-11,0.12451542541384697
2020-08-12,0.1705436185002327
2020-08-13,-0.8473111428320408
2020-08-14,-0.8473111428320408
2020-08-17,0.14752952195703983
2020-08-21,0.31221069395542145
2020-08-22,-0.9077893532812595
2020-08-23,-0.9077893532812595
2020-08-24,0.31826383247971535
2020-08-25,-0.8775502480566502
2020-08-26,-0.1788823213428259
2020-08-27,-0.9077893532812595
2020-08-28,-0.26755022443830967
2020-08-30,-0.8473111428320408
2020-08-31,0.16438176948577166
2020-09-01,0.31221069395542145
2020-09-02,-0.9077893532812595
2020-09-03,0.12451542541384697
2020-09-04,-0.3496166318655014
2020-09-05,0.12451542541384697
2020-09-06,0.5120122395455837
2020-09-07,0.12451542541384697
2020-09-08,0.2642825422808528
2020-09-09,-0.9077893532812595
2020-09-10,0.12451542541384697
2020-09-11,0.31221069395542145
2020-09-13,0.12451542541384697
2020-09-14,0.12451542541384697
2020-09-15,0.07053413521498442
2020-09-16,-0.8585440125316381
2020-09-19,0.12451542541384697
2020-09-20,-0.26755022443830967
2020-09-21,0.1705436185002327
2020-09-22,-0.4266120186075568
2020-09-23,0.2642825422808528
2020-09-24,0.31221069395542145
2020-09-25,0.31221069395542145
2020-09-26,-0.1978885568678379
2020-09-27,-0.8473111428320408
2020-09-30,-0.8473111428320408
2020-10-01,0.12451542541384697
2020-10-02,0.12451542541384697
2020-10-03,-0.16764945164322853
2020-10-04,-0.8473111428320408
2020-10-05,0.1705436185002327
2020-10-06,-0.27878309413790703
2020-10-07,0.1705436185002327
2020-10-08,-0.37263072840869427
2020-10-09,0.31221069395542145
2020-10-12,0.12451542541384697
2020-10-13,-0.33838376216590405
2020-10-15,-0.8697768822312355
2020-10-18,-0.37263072840869427
2020-10-19,-0.8473111428320408
2020-10-20,0.12451542541384697
2020-10-21,0.3412779290229082
2020-10-24,0.3412779290229082
2020-10-25,0.3412779290229082
2020-10-26,-0.27878309413790703
2020-10-27,-0.8585440125316381
2020-10-29,-0.8473111428320408
2020-11-06,-0.8473111428320408
2020-11-08,-0.3496166318655014
2020-11-09,0.3412779290229082
2020-11-10,0.1705436185002327
2020-11-13,-0.3496166318655014
2020-11-14,-0.8775502480566502
2020-11-15,0.016552845016121864
2020-11-16,-0.8887831177562475
2020-11-17,-0.1978885568678379
2020-11-18,-0.8473111428320408
2020-11-19,-0.8473111428320408
2020-11-20,-0.9077893532812595
2020-11-22,-0.8473111428320408
2020-11-25,0.2183630596846342
2020-11-26,0.5120122395455837
2020-11-27,-0.9077893532812595
2020-11-28,0.1705436185002327
2020-11-29,0.016552845016121864
2020-12-01,0.31221069395542145
2020-12-02,-0.9077893532812595
2020-12-04,0.31221069395542145
2020-12-06,0.31221069395542145
2020-12-07,-0.3613978587090969
2020-12-08,-0.26755022443830967
2020-12-09,0.31221069395542145
2020-12-11,-0.3916369639337063
2020-12-12,-0.26755022443830967
2020-12-13,0.07053413521498442
2020-12-14,0.5120122395455837
2020-12-16,-0.8697768822312355
2020-12-19,0.31826383247971535
2020-12-20,-0.33838376216590405
2020-12-21,-0.1788823213428259
2020-12-23,-0.1788823213428259
2020-12-25,-0.8697768822312355
2020-12-26,-0.33838376216590405
2020-12-27,0.31221069395542145
2020-12-28,0.3412779290229082
2020-12-30,-0.8473111428320408
2021-01-01,0.31221069395542145
2021-01-06,-0.8473111428320408
2021-01-07,0.14752952195703983
2021-01-08,-0.33838376216590405
2021-01-09,0.14752952195703983
2021-01-10,-0.8473111428320408
2021-01-11,0.5120122395455837
2021-01-13,-0.8585440125316381
2021-01-15,-0.9077893532812595
2021-01-16,-0.29778932966291904
2021-01-17,0.3412779290229082
2021-01-19,0.31221069395542145
2021-01-20,-0.16764945164322853
2021-01-22,0.12451542541384697
2021-01-23,0.14752952195703983
2021-01-24,-0.9077893532812595
2021-01-26,-0.41537914890795946
2021-01-27,0.16438176948577166
2021-01-29,-0.27878309413790703
2021-01-31,0.5120122395455837
2021-02-01,0.1705436185002327
2021-02-06,0.016552845016121864
2021-02-07,0.12451542541384697
2021-02-08,-0.8473111428320408
2021-02-09,0.5120122395455837
2021-02-10,0.5120122395455837
2021-02-11,-0.8697768822312355
2021-02-12,0.1705436185002327
2021-02-13,0.5120122395455837
2021-02-16,-0.37263072840869427
2021-02-17,-0.9077893532812595
2021-02-20,-0.33838376216590405
2021-02-21,-0.8697768822312355
2021-02-23,-0.16764945164322853
2021-02-24,0.1705436185002327
2021-02-25,0.016552845016121864
2021-02-27,0.1705436185002327
2021-02-28,0.5120122395455837
2021-03-01,-0.8585440125316381
2021-03-03,-0.27878309413790703
2021-03-04,0.1705436185002327
2021-03-06,-0.3613978587090969
2021-03-09,-0.3916369639337063
2021-03-10,-0.8775502480566502
2021-03-13,0.31221069395542145
2021-03-15,-0.8473111428320408
2021-03-16,0.31221069395542145
2021-03-17,-0.41537914890795946
2021-03-18,0.12451542541384697
2021-03-19,0.12451542541384697
2021-03-20,0.016552845016121864
2021-03-21,-0.44561825413256884
2021-03-22,0.016552845016121864
2021-03-23,0.31826383247971535
2021-03-24,-0.3916369639337063
2021-03-25,0.1705436185002327
2021-03-27,0.12451542541384697
2021-03-28,0.31221069395542145
2021-03-29,0.1705436185002327
2021-03-30,0.1705436185002327
2021-04-01,0.1705436185002327
2021-04-02,-0.8473111428320408
2021-04-03,-0.16764945164322853
2021-04-06,-0.1978885568678379
2021-04-07,0.09354823175817728
2021-04-08,0.1705436185002327
2021-04-09,-0.1978885568678379
2021-04-11,-0.3686228673905134
2021-04-12,-0.4266120186075568
2021-04-13,0.12451542541384697
2021-04-15,0.1705436185002327
2021-04-16,0.1705436185002327
2021-04-17,0.016552845016121864
2021-04-18,-0.44561825413256884
2021-04-19,0.5120122395455837
2021-04-20,-0.1978885568678379
2021-04-21,-0.8697768822312355
2021-04-23,-0.26755022443830967
2021-04-25,0.31221069395542145
2021-04-26,-0.8473111428320408
2021-04-29,-0.8585440125316381
2021-05-01,-0.8697768822312355
2021-05-02,0.4121114667505026
2021-05-03,0.1705436185002327
2021-05-08,-0.8887831177562475
2021-05-09,0.2183630596846342
2021-05-10,0.016552845016121864
2021-05-11,-0.33838376216590405
2021-05-12,0.1705436185002327
2021-05-13,-0.8887831177562475
2021-05-14,-0.3496166318655014
2021-05-16,0.2183630596846342
2021-05-17,-0.33838376216590405
2021-05-19,-0.8473111428320408
2021-05-21,0.1705436185002327
2021-05-22,0.12451542541384697
2021-05-23,-0.8473111428320408
2021-05-24,-0.3496166318655014
2021-05-25,-0.3916369639337063
2021-05-26,0.5120122395455837
2021-05-27,-0.44561825413256884
2021-05-28,-0.8697768822312355
2021-05-29,-0.9077893532812595
2021-05-31,-0.26755022443830967
2021-06-01,-0.9077893532812595
2021-06-02,0.12451542541384697
2021-06-04,-0.4266120186075568
2021-06-06,-0.3613978587090969
2021-06-07,-0.3613978587090969
2021-06-08,0.16438176948577166
2021-06-12,0.3412779290229082
2021-06-14,-0.8697768822312355
2021-06-16,0.4121114667505026
2021-06-17,0.016552845016121864
2021-06-18,-0.8697768822312355
2021-06-19,-0.9077893532812595
2021-06-20,-0.8473111428320408
2021-06-21,-0.8697768822312355
2021-06-23,-0.8473111428320408
2021-06-25,0.09354823175817728
2021-06-26,0.31221069395542145
2021-06-27,-0.4266120186075568
2021-06-28,-0.9077893532812595
2021-06-29,-0.9077893532812595
2021-07-03,0.5120122395455837
2021-07-04,-0.33838376216590405
2021-07-06,0.31221069395542145
2021-07-08,-0.8887831177562475
2021-07-11,-0.8473111428320408
2021-07-15,-0.8473111428320408
2021-07-16,0.12451542541384697
2021-07-17,-0.41537914890795946
2021-07-19,0.12451542541384697
2021-07-23,-0.41537914890795946
2021-07-24,0.14752952195703983
2021-07-25,0.12451542541384697
2021-07-26,-0.4266120186075568
2021-07-27,0.31221069395542145
2021-07-28,-0.27878309413790703
2021-07-30,-0.9077893532812595
2021-07-31,0.12451542541384697
2021-08-01,0.2183630596846342
2021-08-02,0.12451542541384697
2021-08-03,0.5120122395455837
2021-08-04,-0.8473111428320408
2021-08-06,-0.9077893532812595
2021-08-07,-0.3496166318655014
2021-08-08,-0.8697768822312355
2021-08-09,0.016552845016121864
2021-08-12,-0.9077893532812595
2021-08-14,0.1705436185002327
2021-08-15,0.1705436185002327
2021-08-16,0.3412779290229082
2021-08-17,-0.29778932966291904
2021-08-18,-0.8473111428320408
2021-08-19,-0.9077893532812595
2021-08-21,-0.3496166318655014
2021-08-23,-0.8585440125316381
2021-08-24,0.2642825422808528
2021-08-25,-0.29778932966291904
2021-08-26,-0.8697768822312355
2021-08-29,-0.3613978587090969
2021-08-30,-0.4266120186075568
2021-09-02,-0.8697768822312355
2021-09-03,-0.8775502480566502
2021-09-08,0.1705436185002327
2021-09-10,-0.8473111428320408
2021-09-13,-0.9077893532812595
2021-09-15,0.3412779290229082
2021-09-22,0.2642825422808528
2021-09-23,0.016552845016121864
2021-09-24,-0.8697768822312355
2021-09-25,-0.8473111428320408
2021-09-26,0.4121114667505026
2021-09-27,-0.8473111428320408
2021-09-28,-0.26755022443830967
2021-09-29,0.14752952195703983
2021-09-30,-0.8473111428320408
2021-10-01,-0.8697768822312355
2021-10-02,-0.26755022443830967
2021-10-04,-0.26755022443830967
2021-10-05,0.5120122395455837
2021-10-06,-0.9077893532812595
2021-10-07,-0.8473111428320408
2021-10-08,0.016552845016121864
2021-10-09,-0.8887831177562475
2021-10-11,-0.8473111428320408
2021-10-12,0.016552845016121864
2021-10-13,0.09354823175817728
2021-10-16,-0.3916369639337063
2021-10-17,-0.8473111428320408
2021-10-19,0.31826383247971535
2021-10-21,-0.3916369639337063
2021-10-22,0.1705436185002327
2021-10-23,-0.3613978587090969
2021-10-24,-0.9077893532812595
2021-10-27,0.1705436185002327
2021-10-28,0.016552845016121864
2021-10-29,0.12451542541384697
2021-11-01,-0.27878309413790703
2021-11-02,0.5120122395455837
2021-11-05,-0.37263072840869427
2021-11-06,0.4121114667505026
2021-11-07,-0.8585440125316381
2021-11-09,-0.9077893532812595
2021-11-10,0.31221069395542145
2021-11-11,0.12451542541384697
2021-11-14,-0.3916369639337063
2021-11-15,-0.8473111428320408
2021-11-17,0.31221069395542145
2021-11-18,-0.16764945164322853
2021-11-19,0.12451542541384697
2021-11-20,-0.3496166318655014
2021-11-21,-0.9077893532812595
2021-11-23,-0.3916369639337063
2021-11-24,-0.33838376216590405
2021-11-27,0.016552845016121864
2021-11-28,0.016552845016121864
2021-12-02,-0.41537914890795946
2021-12-03,-0.8775502480566502
2021-12-04,0.16438176948577166
2021-12-05,0.31221069395542145
2021-12-06,0.31221069395542145
2021-12-08,-0.8473111428320408
2021-12-09,0.14752952195703983
2021-12-11,-0.1788823213428259
2021-12-14,0.16438176948577166
2021-12-15,0.07053413521498442
2021-12-16,0.31221069395542145
2021-12-18,0.5120122395455837
2021-12-21,0.016552845016121864
2021-12-23,-0.9077893532812595
2021-12-24,0.24137715622782707
2021-12-26,-0.9077893532812595
2021-12-27,0.14752952195703983
2021-12-28,0.31221069395542145
2021-12-29,-0.37263072840869427
2021-12-30,-0.8585440125316381
2021-12-31,0.12451542541384697
2022-01-01,-0.8697768822312355
2022-01-02,0.2642825422808528
2022-01-03,-0.41537914890795946
2022-01-04,-0.8697768822312355
2022-01-05,-0.9077893532812595
2022-01-06,-0.29778932966291904
2022-01-07,-0.1788823213428259
2022-01-08,0.16438176948577166
2022-01-10,-0.1978885568678379
2022-01-11,0.016552845016121864
2022-01-12,0.07053413521498442
2022-01-13,0.016552845016121864
2022-01-14,0.4121114667505026
2022-01-15,0.1705436185002327
2022-01-16,0.12451542541384697
2022-01-17,0.016552845016121864
2022-01-18,0.5120122395455837
2022-01-19,-0.9077893532812595
2022-01-23,0.1705436185002327
2022-01-25,0.1705436185002327
2022-01-27,-0.8697768822312355
2022-01-29,-0.16764945164322853
2022-01-30,0.5120122395455837
2022-01-31,0.12451542541384697
2022-02-01,0.31221069395542145
2022-02-06,-0.41537914890795946
2022-02-07,0.31221069395542145
2022-02-08,0.31826383247971535
2022-02-09,0.24137715622782707
2022-02-10,0.12451542541384697
2022-02-12,0.1705436185002327
2022-02-13,-0.33838376216590405
2022-02-15,-0.3916369639337063
2022-02-16,-0.37263072840869427
2022-02-18,-0.41537914890795946
2022-02-19,-0.8473111428320408
2022-02-21,0.12451542541384697
2022-02-24,0.16438176948577166
2022-02-26,0.12451542541384697
2022-02-27,0.5120122395455837
2022-02-28,-0.8473111428320408
2022-03-01,0.14752952195703983
2022-03-03,-0.1978885568678379
2022-03-04,-0.8775502480566502
2022-03-05,0.5120122395455837
2022-03-06,0.31826383247971535
2022-03-07,-0.26755022443830967
2022-03-08,-0.8585440125316381
2022-03-09,-0.4266120186075568
2022-03-10,0.5120122395455837
2022-03-12,0.016552845016121864
2022-03-16,0.1705436185002327
2022-03-17,0.016552845016121864
2022-03-18,0.5120122395455837
2022-03-19,-0.3686228673905134
2022-03-21,0.31221069395542145
2022-03-22,-0.8697768822312355
2022-03-24,0.07053413521498442
2022-03-25,-0.33838376216590405
2022-03-26,0.4121114667505026
2022-03-27,0.4121114667505026
2022-03-29,-0.9077893532812595
2022-03-31,0.31826383247971535
2022-04-02,-0.3496166318655014
2022-04-05,-0.37263072840869427
2022-04-09,-0.8775502480566502
2022-04-10,-0.16764945164322853
2022-04-11,-0.9077893532812595
2022-04-13,-0.8585440125316381
2022-04-17,0.2642825422808528
2022-04-18,0.1705436185002327
2022-04-19,0.09354823175817728
2022-04-20,0.4121114667505026
2022-04-21,0.14752952195703983
2022-04-22,0.31221069395542145
2022-04-23,0.1705436185002327
2022-04-25,-0.8697768822312355
2022-04-26,-0.1978885568678379
2022-04-27,0.31221069395542145
2022-04-28,-0.9077893532812595
2022-04-29,0.12451542541384697
2022-04-30,0.5120122395455837
2022-05-04,-0.3613978587090969
2022-05-05,-0.44561825413256884
2022-05-06,0.24137715622782707
2022-05-07,0.24137715622782707
2022-05-08,-0.8473111428320408
2022-05-10,-0.3916369639337063
2022-05-11,-0.44561825413256884
2022-05-12,0.5120122395455837
2022-05-13,-0.8473111428320408
2022-05-14,-0.16764945164322853
2022-05-15,0.5120122395455837
2022-05-16,-0.8697768822312355
2022-05-17,-0.1978885568678379
2022-05-18,-0.1788823213428259
2022-05-19,0.12451542541384697
2022-05-20,0.31221069395542145
2022-05-22,0.24137715622782707
2022-05-23,0.016552845016121864
2022-05-25,0.12451542541384697
2022-05-26,0.5120122395455837
2022-05-27,-0.8585440125316381
2022-05-28,0.14752952195703983
2022-05-30,0.09354823175817728
2022-06-02,-0.33838376216590405
2022-06-04,0.12451542541384697
2022-06-05,0.2183630596846342
2022-06-06,0.016552845016121864
2022-06-09,0.09354823175817728
2022-06-10,0.5120122395455837
2022-06-11,0.31221069395542145
2022-06-12,-0.9077893532812595
2022-06-13,0.1705436185002327
2022-06-14,0.31221069395542145
2022-06-17,0.31221069395542145
2022-06-18,-0.8887831177562475
2022-06-19,0.2642825422808528
2022-06-21,-0.26755022443830967
2022-06-22,0.3412779290229082
2022-06-24,0.14752952195703983
2022-06-26,0.1705436185002327
2022-06-28,0.12451542541384697
2022-06-29,0.1705436185002327
2022-06-30,0.1705436185002327
2022-07-04,-0.8697768822312355
2022-07-05,0.31221069395542145
2022-07-06,0.12451542541384697
2022-07-09,-0.37263072840869427
2022-07-10,0.2642825422808528
2022-07-12,0.07053413521498442
2022-07-14,-0.33838376216590405
2022-07-17,-0.9077893532812595
2022-07-18,-0.8473111428320408
2022-07-19,-0.27878309413790703
2022-07-20,-0.8697768822312355
2022-07-22,0.12451542541384697
2022-07-23,-0.8473111428320408
2022-07-24,-0.3613978587090969
2022-07-25,-0.37263072840869427
2022-07-27,-0.1788823213428259
2022-07-30,-0.8887831177562475
2022-07-31,0.31826383247971535
2022-08-02,-0.27878309413790703
2022-08-03,0.24137715622782707
2022-08-04,0.4121114667505026
2022-08-05,-0.9077893532812595
2022-08-07,-0.37263072840869427
2022-08-08,-0.4266120186075568
2022-08-09,-0.41537914890795946
2022-08-13,-0.33838376216590405
2022-08-16,-0.8697768822312355
2022-08-17,-0.9077893532812595
2022-08-18,-0.8697768822312355
2022-08-19,-0.8473111428320408
2022-08-20,0.24137715622782707
2022-08-24,0.31221069395542145
2022-08-27,-0.8585440125316381
2022-08-30,-0.8775502480566502
2022-08-31,-0.8697768822312355
2022-09-01,-0.8473111428320408
2022-09-02,-0.8473111428320408
2022-09-03,0.31221069395542145
2022-09-04,0.31221069395542145
2022-09-06,0.4121114667505026
2022-09-08,-0.37263072840869427
2022-09-10,-0.8585440125316381
2022-09-11,0.07053413521498442
2022-09-12,0.5120122395455837
2022-09-14,-0.26755022443830967
2022-09-16,-0.8697768822312355
2022-09-17,0.24137715622782707
2022-09-19,-0.9077893532812595
2022-09-21,-0.27878309413790703
2022-09-22,0.016552845016121864
2022-09-25,0.5120122395455837
2022-09-26,0.31221069395542145
2022-09-27,-0.44561825413256884
2022-09-28,0.31221069395542145
2022-09-29,0.12451542541384697
2022-09-30,-0.3916369639337063
2022-10-02,0.31221069395542145
2022-10-04,-0.9077893532812595
2022-10-06,-0.8697768822312355
2022-10-08,0.5120122395455837
2022-10-09,0.12451542541384697
2022-10-10,-0.1978885568678379
2022-10-11,-0.3686228673905134
2022-10-13,-0.26755022443830967
2022-10-15,0.2183630596846342
2022-10-16,-0.9077893532812595
2022-10-17,0.24137715622782707
2022-10-21,0.3412779290229082
2022-10-22,0.12451542541384697
2022-10-23,-0.8697768822312355
2022-10-24,-0.3613978587090969
2022-10-26,0.1705436185002327
2022-10-27,-0.8697768822312355
2022-10-28,0.4121114667505026
2022-10-29,0.016552845016121864
2022-10-30,0.5120122395455837
2022-11-02,-0.9077893532812595
2022-11-03,-0.27878309413790703
2022-11-04,0.31826383247971535
2022-11-05,0.1705436185002327
2022-11-06,0.2183630596846342
2022-11-07,-0.1978885568678379
2022-11-08,0.12451542541384697
2022-11-09,-0.8585440125316381
2022-11-11,-0.29778932966291904
2022-11-14,-0.8697768822312355
2022-11-15,0.5120122395455837
2022-11-16,0.16438176948577166
2022-11-17,0.16438176948577166
2022-11-18,0.016552845016121864
2022-11-20,-0.3613978587090969
2022-11-22,-0.9077893532812595
2022-11-23,-0.1788823213428259
2022-11-24,0.1705436185002327
2022-11-25,0.016552845016121864
2022-11-26,0.12451542541384697
2022-11-29,-0.8775502480566502
2022-12-05,0.12451542541384697
2022-12-08,-0.3686228673905134
2022-12-10,0.14752952195703983
2022-12-11,0.07053413521498442
2022-12-13,-0.29778932966291904
2022-12-14,-0.41537914890795946
2022-12-15,0.14752952195703983
2022-12-17,-0.8473111428320408
2022-12-18,-0.3613978587090969
2022-12-19,-0.1788823213428259
2022-12-20,0.4121114667505026
2022-12-22,0.1705436185002327
2022-12-25,-0.44561825413256884
2022-12-26,0.31221069395542145
2022-12-28,-0.8697768822312355
2022-12-30,0.5120122395455837
2022-12-31,-0.8887831177562475
2023-01-03,0.24137715622782707
2023-01-04,0.31221069395542145
2023-01-05,-0.8697768822312355
2023-01-06,0.12451542541384697
2023-01-08,0.2642825422808528
2023-01-10,-0.41537914890795946
2023-01-12,-0.9077893532812595
2023-01-14,0.31826383247971535
2023-01-15,0.31221069395542145
2023-01-16,-0.26755022443830967
2023-01-18,-0.1788823213428259
2023-01-20,0.1705436185002327
2023-01-22,-0.1978885568678379
2023-01-23,0.31221069395542145
2023-01-24,-0.8697768822312355
2023-01-25,-0.1978885568678379
2023-01-27,0.2642825422808528
2023-01-28,-0.3686228673905134
2023-01-29,-0.3496166318655014
2023-01-30,-0.9077893532812595
2023-01-31,0.31221069395542145
2023-02-01,0.3412779290229082
2023-02-04,-0.3916369639337063
2023-02-06,-0.4266120186075568
2023-02-07,-0.27878309413790703
2023-02-15,0.16438176948577166
2023-02-16,-0.9077893532812595
2023-02-17,-0.8473111428320408
2023-02-18,0.016552845016121864
2023-02-20,-0.3916369639337063
2023-02-22,0.2642825422808528
2023-02-26,0.12451542541384697
2023-02-27,0.1705436185002327
2023-02-28,0.16438176948577166
2023-03-01,-0.1978885568678379
2023-03-03,0.2642825422808528
2023-03-04,-0.16764945164322853
2023-03-05,-0.16764945164322853
2023-03-06,-0.8697768822312355
2023-03-07,-0.8473111428320408
2023-03-09,-0.1978885568678379
2023-03-10,0.31221069395542145
2023-03-13,0.2183630596846342
2023-03-14,0.1705436185002327
2023-03-17,0.31221069395542145
2023-03-18,0.1705436185002327
2023-03-19,0.1705436185002327
2023-03-20,0.12451542541384697
2023-03-22,0.1705436185002327
2023-03-23,-0.9077893532812595
2023-03-25,-0.3613978587090969
2023-03-26,-0.3613978587090969
2023-03-27,-0.8473111428320408
2023-03-28,0.09354823175817728
2023-03-29,-0.9077893532812595
2023-03-30,-0.44561825413256884
2023-03-31,-0.4266120186075568
2023-04-04,0.016552845016121864
2023-04-05,0.5120122395455837
2023-04-06,0.016552845016121864
2023-04-07,-0.8473111428320408
2023-04-09,0.12451542541384697
2023-04-11,0.1705436185002327
2023-04-13,-0.37263072840869427
2023-04-15,-0.1978885568678379
2023-04-16,0.1705436185002327
2023-04-17,0.5120122395455837
2023-04-19,0.31826383247971535
2023-04-20,-0.9077893532812595
2023-04-21,0.4121114667505026
2023-04-23,0.5120122395455837
2023-04-24,-0.8697768822312355
2023-04-25,0.12451542541384697
2023-04-26,-0.8775502480566502
2023-04-27,0.5120122395455837
2023-04-28,0.5120122395455837
2023-04-29,0.5120122395455837
2023-05-01,0.3412779290229082
2023-05-03,-0.33838376216590405
2023-05-04,-0.8697768822312355
2023-05-07,0.31221069395542145
2023-05-09,0.14752952195703983
2023-05-10,-0.9077893532812595
2023-05-12,-0.8473111428320408
2023-05-13,-0.3496166318655014
2023-05-14,-0.9077893532812595
2023-05-15,-0.3686228673905134
2023-05-16,0.2642825422808528
2023-05-17,0.2642825422808528
2023-05-18,0.3412779290229082
2023-05-22,-0.8473111428320408
2023-05-24,-0.8473111428320408
2023-05-26,0.1705436185002327
2023-05-27,0.2183630596846342
2023-05-29,-0.8585440125316381
2023-05-30,-0.1788823213428259
2023-06-01,-0.8697768822312355
2023-06-03,0.1705436185002327
2023-06-04,0.31221069395542145
2023-06-05,0.2642825422808528
2023-06-06,-0.3613978587090969
2023-06-07,0.016552845016121864
2023-06-09,-0.9077893532812595
2023-06-10,-0.9077893532812595
2023-06-11,-0.8585440125316381
2023-06-12,-0.3496166318655014
2023-06-15,0.31221069395542145
2023-06-16,-0.8697768822312355
2023-06-17,-0.9077893532812595
2023-06-20,0.1705436185002327
2023-06-21,0.5120122395455837
2023-06-24,-0.3496166318655014
2023-06-25,0.14752952195703983
2023-06-26,-0.16764945164322853
2023-06-28,-0.8473111428320408
2023-06-29,0.5120122395455837
2023-07-01,-0.37263072840869427
2023-07-02,0.07053413521498442
2023-07-03,-0.3496166318655014
2023-07-04,-0.33838376216590405
2023-07-05,0.5120122395455837
2023-07-06,-0.8697768822312355
2023-07-07,0.14752952195703983
2023-07-08,-0.8887831177562475
2023-07-10,0.09354823175817728
2023-07-11,0.1705436185002327
2023-07-12,0.16438176948577166
2023-07-15,0.1705436185002327
2023-07-16,0.09354823175817728
2023-07-17,-0.9077893532812595
2023-07-18,0.12451542541384697
2023-07-20,0.12451542541384697
2023-07-21,0.1705436185002327
2023-07-22,0.12451542541384697
2023-07-23,-0.9077893532812595
2023-07-25,0.07053413521498442
2023-07-27,-0.3613978587090969
2023-07-28,0.16438176948577166
2023-07-29,0.1705436185002327
2023-07-30,-0.4266120186075568
2023-07-31,-0.3613978587090969
2023-08-02,0.016552845016121864
2023-08-05,-0.8697768822312355
2023-08-07,-0.8697768822312355
2023-08-08,0.4121114667505026
2023-08-09,-0.16764945164322853
2023-08-10,0.5120122395455837
2023-08-11,-0.8697768822312355
2023-08-12,0.2183630596846342
2023-08-13,0.12451542541384697
2023-08-15,0.24137715622782707
2023-08-16,0.016552845016121864
2023-08-17,0.1705436185002327
2023-08-18,0.1705436185002327
2023-08-21,0.5120122395455837
2023-08-22,0.3412779290229082
2023-08-24,0.31221069395542145
2023-08-25,0.31221069395542145
2023-08-26,-0.8697768822312355
2023-08-27,-0.1788823213428259
2023-08-28,0.3412779290229082
2023-08-29,0.1705436185002327
2023-08-30,0.3412779290229082
2023-08-31,0.5120122395455837
2023-09-03,-0.3613978587090969
2023-09-04,0.1705436185002327
2023-09-05,0.1705436185002327
2023-09-06,-0.8697768822312355
2023-09-07,0.12451542541384697
2023-09-08,-0.9077893532812595
2023-09-09,-0.16764945164322853
2023-09-10,-0.9077893532812595
2023-09-11,-0.9077893532812595
2023-09-12,0.12451542541384697
2023-09-13,0.31221069395542145
2023-09-14,-0.8697768822312355
2023-09-16,0.5120122395455837
2023-09-17,0.31221069395542145
2023-09-19,0.1705436185002327
2023-09-21,0.14752952195703983
2023-09-22,-0.44561825413256884
2023-09-24,0.1705436185002327
2023-09-26,0.31221069395542145
2023-09-28,-0.8473111428320408
2023-09-29,0.016552845016121864
2023-10-01,-0.41537914890795946
2023-10-03,0.4121114667505026
2023-10-04,0.31221069395542145
2023-10-05,0.016552845016121864
2023-10-06,-0.9077893532812595
2023-10-07,-0.8473111428320408
2023-10-08,-0.37263072840869427
2023-10-11,0.31826383247971535
2023-10-12,-0.8887831177562475
2023-10-15,0.31826383247971535
2023-10-16,0.31221069395542145
2023-10-17,0.31221069395542145
2023-10-18,0.3412779290229082
2023-10-19,0.1705436185002327
2023-10-21,0.31221069395542145
2023-10-22,0.016552845016121864
2023-10-23,0.016552845016121864
2023-10-24,-0.8697768822312355
2023-10-25,-0.8473111428320408
2023-10-28,0.07053413521498442
2023-10-29,-0.9077893532812595
2023-10-30,0.12451542541384697
2023-10-31,0.5120122395455837
2023-11-01,-0.9077893532812595
2023-11-02,0.3412779290229082
2023-11-03,0.5120122395455837
2023-11-04,0.14752952195703983
2023-11-05,-0.8473111428320408
2023-11-06,-0.41537914890795946
2023-11-08,0.12451542541384697
2023-11-09,0.2183630596846342
2023-11-10,0.1705436185002327
2023-11-11,0.016552845016121864
2023-11-15,0.016552845016121864
2023-11-16,-0.3916369639337063
2023-11-17,-0.3613978587090969
2023-11-19,0.14752952195703983
2023-11-22,0.5120122395455837
2023-11-23,0.09354823175817728
2023-11-24,-0.3496166318655014
2023-11-25,0.31221069395542145
2023-11-27,-0.1978885568678379
2023-11-28,-0.9077893532812595
2023-11-29,0.1705436185002327
2023-11-30,0.14752952195703983
2023-12-01,-0.3496166318655014
2023-12-04,0.1705436185002327
2023-12-05,-0.3496166318655014
2023-12-06,-0.37263072840869427
2023-12-07,0.3412779290229082
2023-12-08,-0.3613978587090969
2023-12-11,0.24137715622782707
2023-12-12,-0.8473111428320408
2023-12-13,0.016552845016121864
2023-12-14,0.14752952195703983
2023-12-18,0.016552845016121864
2023-12-20,0.14752952195703983
2023-12-23,-0.27878309413790703
2023-12-25,-0.37263072840869427
2023-12-26,-0.8697768822312355
2023-12-28,0.12451542541384697
2023-12-29,-0.44561825413256884
2023-12-31,-0.8697768822312355
2024-01-03,0.1705436185002327
2024-01-04,-0.44561825413256884
2024-01-05,-0.8473111428320408
2024-01-06,0.16438176948577166
2024-01-09,-0.26755022443830967
2024-01-10,0.16438176948577166
2024-01-11,0.4121114667505026
2024-01-13,-0.8473111428320408
2024-01-14,-0.1978885568678379
2024-01-18,-0.3916369639337063
2024-01-20,-0.8473111428320408
2024-01-21,0.4121114667505026
2024-01-23,-0.44561825413256884
2024-01-24,0.016552845016121864
2024-01-25,0.31221069395542145
2024-01-27,-0.9077893532812595
2024-01-29,0.31826383247971535
2024-01-30,0.1705436185002327
2024-01-31,-0.26755022443830967
2024-02-02,0.12451542541384697
2024-02-03,0.31221069395542145
2024-02-04,-0.8697768822312355
2024-02-06,-0.9077893532812595
2024-02-08,-0.8697768822312355
2024-02-09,-0.9077893532812595
2024-02-12,0.1705436185002327
2024-02-14,-0.8697768822312355
2024-02-15,0.2642825422808528
2024-02-16,0.12451542541384697
2024-02-17,0.31221069395542145
2024-02-18,-0.9077893532812595
2024-02-19,0.5120122395455837
2024-02-20,0.12451542541384697
2024-02-21,0.3412779290229082
2024-02-22,-0.9077893532812595
2024-02-23,-0.9077893532812595
2024-02-24,-0.9077893532812595
2024-02-25,0.5120122395455837
2024-02-27,0.12451542541384697
2024-02-28,0.12451542541384697
2024-02-29,-0.1788823213428259
2024-03-01,0.12451542541384697
2024-03-02,0.09354823175817728
2024-03-03,0.016552845016121864
2024-03-04,0.12451542541384697
2024-03-05,0.1705436185002327
2024-03-06,-0.27878309413790703
2024-03-07,0.07053413521498442
2024-03-08,-0.26755022443830967
2024-03-09,-0.44561825413256884
2024-03-10,0.016552845016121864
2024-03-13,-0.44561825413256884
2024-03-14,0.12451542541384697
2024-03-15,0.12451542541384697
2024-03-16,0.5120122395455837
2024-03-17,-0.33838376216590405
2024-03-18,0.31221069395542145
2024-03-20,-0.8697768822312355
2024-03-22,-0.3916369639337063
2024-03-23,0.5120122395455837
2024-03-24,-0.1788823213428259
2024-03-25,0.12451542541384697
2024-03-27,-0.8697768822312355
2024-03-28,0.12451542541384697
2024-03-29,0.1705436185002327
2024-03-30,-0.9077893532812595
2024-04-02,0.31221069395542145
2024-04-03,-0.9077893532812595
2024-04-04,-0.8697768822312355
2024-04-05,-0.8775502480566502
2024-04-06,-0.3916369639337063
2024-04-07,-0.8697768822312355
2024-04-09,0.31826383247971535
2024-04-10,0.24137715622782707
2024-04-11,0.12451542541384697
2024-04-13,-0.8585440125316381
2024-04-14,-0.44561825413256884
2024-04-15,0.5120122395455837
2024-04-16,-0.3686228673905134
2024-04-17,0.016552845016121864
2024-04-18,-0.1978885568678379
2024-04-19,-0.8473111428320408
2024-04-20,0.14752952195703983
2024-04-22,-0.29778932966291904
2024-04-23,0.1705436185002327
2024-04-24,-0.27878309413790703
2024-04-25,0.31221069395542145
2024-04-26,0.12451542541384697
2024-04-27,-0.4266120186075568
2024-04-29,0.09354823175817728
2024-04-30,0.31826383247971535
2024-05-01,-0.3496166318655014
2024-05-04,0.31221069395542145
2024-05-05,-0.8775502480566502
2024-05-06,0.31221069395542145
2024-05-07,0.31221069395542145
2024-05-09,0.2183630596846342
2024-05-12,-0.3496166318655014
2024-05-13,0.016552845016121864
2024-05-14,0.1705436185002327
2024-05-15,0.3412779290229082
2024-05-16,0.5120122395455837
2024-05-18,0.2183630596846342
2024-05-20,-0.26755022443830967
2024-05-21,-0.8473111428320408
2024-05-23,0.16438176948577166
2024-05-24,0.5120122395455837
2024-05-25,-0.3613978587090969
2024-05-26,-0.8473111428320408
2024-05-27,-0.3496166318655014
2024-05-29,0.2183630596846342
2024-05-30,-0.8473111428320408
2024-06-01,-0.26755022443830967
2024-06-04,-0.8887831177562475
2024-06-05,0.1705436185002327
2024-06-07,0.016552845016121864
2024-06-09,-0.44561825413256884
2024-06-10,-0.8697768822312355
2024-06-12,-0.8697768822312355
2024-06-13,0.07053413521498442
2024-06-15,-0.16764945164322853
2024-06-16,0.2642825422808528
2024-06-17,0.1705436185002327
2024-06-18,-0.8697768822312355
2024-06-19,0.1705436185002327
2024-06-21,-0.8887831177562475
2024-06-23,-0.3613978587090969
2024-06-26,-0.9077893532812595
2024-06-29,0.1705436185002327
2024-06-30,0.016552845016121864
2024-07-04,-0.9077893532812595
2024-07-05,0.1705436185002327
2024-07-06,-0.3496166318655014
2024-07-08,-0.44561825413256884
2024-07-12,-0.44561825413256884
2024-07-13,0.5120122395455837
2024-07-14,-0.44561825413256884
2024-07-16,-0.27878309413790703
2024-07-17,0.016552845016121864
2024-07-18,0.31221069395542145
2024-07-20,0.12451542541384697
2024-07-21,0.2642825422808528
2024-07-23,-0.26755022443830967
2024-07-25,-0.8473111428320408
2024-07-27,0.12451542541384697
2024-07-29,0.31221069395542145
2024-07-30,-0.8775502480566502
2024-07-31,-0.9077893532812595
2024-08-01,0.31221069395542145
2024-08-04,-0.8697768822312355
2024-08-06,0.3412779290229082
2024-08-11,-0.8473111428320408
2024-08-15,-0.26755022443830967
2024-08-18,0.5120122395455837
2024-08-20,-0.41537914890795946
2024-08-21,-0.29778932966291904
2024-08-22,-0.3496166318655014
2024-08-24,0.12451542541384697
2024-08-27,0.12451542541384697
2024-08-28,-0.37263072840869427
2024-08-30,0.24137715622782707
2024-09-01,0.016552845016121864
2024-09-02,0.07053413521498442
2024-09-03,0.4121114667505026
2024-09-04,0.4121114667505026
2024-09-05,-0.8697768822312355
2024-09-08,0.12451542541384697
2024-09-10,-0.33838376216590405
2024-09-12,0.16438176948577166
2024-09-13,0.24137715622782707
2024-09-14,0.31221069395542145
2024-09-16,0.2183630596846342
2024-09-17,-0.8585440125316381
2024-09-18,0.5120122395455837
2024-09-19,0.31221069395542145
2024-09-21,0.5120122395455837
2024-09-22,-0.8473111428320408
2024-09-23,0.12451542541384697
2024-09-24,-0.8697768822312355
2024-09-25,-0.8697768822312355
2024-09-26,-0.3613978587090969
2024-09-28,0.1705436185002327
2024-09-29,0.31221069395542145
2024-09-30,-0.4266120186075568
2024-10-01,0.5120122395455837
2024-10-02,0.5120122395455837
2024-10-03,0.016552845016121864
2024-10-04,0.016552845016121864
2024-10-06,0.5120122395455837
2024-10-07,0.12451542541384697
2024-10-08,-0.3496166318655014
2024-10-09,-0.9077893532812595
2024-10-11,0.12451542541384697
2024-10-12,-0.8697768822312355
2024-10-14,-0.3613978587090969
2024-10-17,0.14752952195703983
2024-10-18,0.31826383247971535
2024-10-19,0.5120122395455837
2024-10-20,0.1705436185002327
2024-10-21,-0.29778932966291904
2024-10-22,-0.9077893532812595
2024-10-25,-0.3613978587090969
2024-10-26,0.5120122395455837
2024-10-28,0.1705436185002327
2024-10-29,-0.3916369639337063
2024-10-31,-0.29778932966291904
2024-11-02,0.2183630596846342
2024-11-03,-0.8585440125316381
2024-11-04,-0.3496166318655014
2024-11-06,0.1705436185002327
2024-11-09,-0.8775502480566502
2024-11-10,-0.8473111428320408
2024-11-11,0.3412779290229082
2024-11-12,-0.9077893532812595
2024-11-15,0.5120122395455837
2024-11-16,0.24137715622782707
2024-11-19,0.24137715622782707
2024-11-20,0.14752952195703983
2024-11-22,0.016552845016121864
2024-11-24,0.2642825422808528
2024-11-25,-0.9077893532812595
2024-11-28,-0.3686228673905134
2024-11-29,-0.1788823213428259
2024-11-30,0.1705436185002327
2024-12-05,0.14752952195703983
2024-12-06,0.2183630596846342
2024-12-07,0.07053413521498442
2024-12-08,-0.8473111428320408
2024-12-09,0.5120122395455837
2024-12-10,0.016552845016121864
2024-12-11,0.14752952195703983
2024-12-12,-0.8887831177562475
2024-12-14,0.14752952195703983
2024-12-16,0.31221069395542145
2024-12-18,-0.9077893532812595
2024-12-19,0.12451542541384697
2024-12-20,0.5120122395455837
2024-12-21,-0.8887831177562475
2024-12-22,0.31221069395542145
2024-12-24,-0.1788823213428259
2024-12-25,0.016552845016121864
2024-12-26,0.14752952195703983
2024-12-27,-0.8697768822312355
2024-12-28,-0.8775502480566502
2024-12-29,0.2642825422808528
2024-12-30,0.1705436185002327
2024-12-31,0.12451542541384697
2025-01-01,0.12451542541384697
2025-01-03,0.016552845016121864
2025-01-05,-0.3496166318655014
2025-01-06,-0.8473111428320408
2025-01-07,-0.27878309413790703
2025-01-08,-0.8697768822312355
2025-01-09,0.016552845016121864
2025-01-10,0.07053413521498442
2025-01-11,0.5120122395455837
2025-01-13,0.24137715622782707
2025-01-14,0.016552845016121864
2025-01-15,-0.3496166318655014
2025-01-17,0.5120122395455837
2025-01-18,-0.1788823213428259
2025-01-19,0.07053413521498442
2025-01-20,0.31221069395542145
2025-01-22,0.1705436185002327
2025-01-24,-0.4266120186075568
2025-01-25,0.016552845016121864
2025-01-28,0.31221069395542145
2025-01-30,0.016552845016121864
2025-01-31,0.12451542541384697
2025-02-02,0.016552845016121864
2025-02-03,0.1705436185002327
2025-02-06,-0.8697768822312355
2025-02-07,-0.8697768822312355
2025-02-09,-0.8775502480566502
2025-02-10,0.16438176948577166
2025-02-12,0.31221069395542145
2025-02-14,-0.27878309413790703
2025-02-15,0.1705436185002327
2025-02-16,0.24137715622782707
2025-02-18,-0.29778932966291904
2025-02-21,-0.16764945164322853
2025-02-22,0.1705436185002327
2025-02-23,0.12451542541384697
2025-02-25,-0.33838376216590405
2025-02-27,-0.8697768822312355
2025-03-03,-0.8473111428320408
2025-03-04,-0.8473111428320408
2025-03-05,0.12451542541384697
2025-03-06,-0.9077893532812595
2025-03-07,0.31221069395542145
2025-03-08,-0.8473111428320408
2025-03-10,-0.26755022443830967
2025-03-11,0.2183630596846342
2025-03-12,0.1705436185002327
2025-03-13,-0.3613978587090969
2025-03-14,0.12451542541384697
2025-03-15,0.16438176948577166
2025-03-16,0.12451542541384697
2025-03-18,-0.1788823213428259
2025-03-20,0.3412779290229082
2025-03-21,-0.8887831177562475
2025-03-22,-0.8697768822312355
2025-03-23,-0.8473111428320408
2025-03-24,-0.27878309413790703
2025-03-25,0.12451542541384697
2025-03-27,0.1705436185002327
2025-03-29,0.1705436185002327
2025-03-30,0.31826383247971535
2025-03-31,-0.41537914890795946
2025-04-01,0.24137715622782707
2025-04-04,-0.3916369639337063
2025-04-05,-0.8473111428320408
2025-04-06,-0.27878309413790703
2025-04-07,-0.8585440125316381
2025-04-08,0.1705436185002327
2025-04-09,0.1705436185002327
2025-04-10,-0.3686228673905134
2025-04-11,0.31221069395542145
2025-04-12,-0.9077893532812595
2025-04-13,0.3412779290229082
2025-04-14,0.14752952195703983
2025-04-15,0.12451542541384697
2025-04-16,0.2642825422808528
2025-04-19,0.5120122395455837
2025-04-20,0.24137715622782707
2025-04-23,0.12451542541384697
2025-04-24,-0.8697768822312355
2025-04-25,0.1705436185002327
2025-04-26,0.09354823175817728
2025-04-28,-0.3496166318655014
2025-04-29,0.1705436185002327
2025-04-30,-0.3496166318655014
2025-05-01,0.5120122395455837
2025-05-02,-0.9077893532812595
2025-05-04,0.016552845016121864
2025-05-06,0.07053413521498442
2025-05-08,-0.9077893532812595
2025-05-10,0.1705436185002327
2025-05-11,-0.29778932966291904
2025-05-12,-0.44561825413256884
2025-05-14,-0.8775502480566502
2025-05-15,0.016552845016121864
2025-05-16,-0.8775502480566502
2025-05-17,-0.8775502480566502
2025-05-18,0.3412779290229082
2025-05-22,0.016552845016121864
2025-05-23,0.31221069395542145
2025-05-24,0.07053413521498442
2025-05-27,0.5120122395455837
2025-05-29,-0.8473111428320408
2025-06-01,0.24137715622782707
2025-06-02,-0.8473111428320408
2025-06-05,0.5120122395455837
2025-06-07,-0.9077893532812595
2025-06-10,-0.41537914890795946
2025-06-11,-0.8473111428320408
2025-06-12,-0.9077893532812595
2025-06-15,-0.8585440125316381
2025-06-16,0.1705436185002327
2025-06-20,-0.33838376216590405
2025-06-24,-0.8697768822312355
2025-06-26,-0.3613978587090969
2025-06-29,0.31221069395542145
2025-07-02,0.5120122395455837
2025-07-04,0.31826383247971535
2025-07-06,0.12451542541384697
2025-07-07,-0.8473111428320408
2025-07-08,-0.4266120186075568
2025-07-09,-0.9077893532812595
2025-07-12,-0.9077893532812595
2025-07-13,-0.9077893532812595
2025-07-14,0.31221069395542145
2025-07-15,-0.8473111428320408
2025-07-17,0.07053413521498442
2025-07-18,-0.8697768822312355
2025-07-21,-0.8585440125316381
2025-07-22,-0.44561825413256884
2025-07-24,-0.1788823213428259
2025-07-25,-0.8473111428320408
2025-07-27,-0.33838376216590405
2025-07-28,-0.44561825413256884
2025-07-29,0.07053413521498442
2025-07-31,-0.8775502480566502
2025-08-02,-0.4266120186075568
2025-08-03,-0.29778932966291904
2025-08-04,-0.8697768822312355
2025-08-05,-0.9077893532812595
2025-08-07,-0.1978885568678379
2025-08-08,-0.29778932966291904
2025-08-09,0.31221069395542145
2025-08-10,0.016552845016121864
2025-08-11,0.2642825422808528
2025-08-12,0.24137715622782707
2025-08-13,-0.8697768822312355
2025-08-14,-0.8697768822312355
2025-08-16,0.12451542541384697
2025-08-17,0.31221069395542145
2025-08-21,-0.27878309413790703
2025-08-22,0.016552845016121864
2025-08-24,-0.8697768822312355
2025-08-25,0.12451542541384697
2025-08-26,0.31221069395542145
2025-08-29,0.3412779290229082
2025-09-01,0.31221069395542145
2025-09-02,0.31221069395542145
2025-09-03,0.07053413521498442
2025-09-08,0.1705436185002327
2025-09-09,-0.9077893532812595
2025-09-10,-0.9077893532812595
2025-09-11,0.31221069395542145
2025-09-12,-0.8473111428320408
2025-09-13,-0.8697768822312355
2025-09-14,0.31221069395542145
2025-09-16,0.1705436185002327
2025-09-17,-0.3496166318655014
2025-09-18,-0.41537914890795946
2025-09-21,-0.9077893532812595
2025-09-24,0.31221069395542145
2025-09-28,-0.8473111428320408
2025-10-01,0.2183630596846342
2025-10-02,-0.3686228673905134
2025-10-05,-0.8775502480566502
2025-10-07,0.4121114667505026
2025-10-09,-0.8473111428320408
2025-10-11,-0.8473111428320408
2025-10-12,-0.26755022443830967
2025-10-13,0.5120122395455837
2025-10-15,-0.8473111428320408
2025-10-16,-0.16764945164322853
2025-10-19,0.24137715622782707
2025-10-21,0.1705436185002327
2025-10-22,0.31826383247971535
2025-10-23,0.16438176948577166
2025-10-27,-0.8585440125316381
2025-10-28,0.16438176948577166
2025-10-29,0.016552845016121864
2025-10-31,0.016552845016121864
2025-11-01,0.2642825422808528
2025-11-02,0.5120122395455837
2025-11-07,0.016552845016121864
2025-11-08,0.5120122395455837
2025-11-12,0.31221069395542145
2025-11-14,-0.9077893532812595
2025-11-15,0.5120122395455837
2025-11-16,0.1705436185002327
2025-11-17,0.5120122395455837
2025-11-18,0.1705436185002327
2025-11-19,-0.41537914890795946
2025-11-21,0.5120122395455837
2025-11-22,-0.8473111428320408
2025-11-23,0.31221069395542145
2025-11-24,-0.4266120186075568
2025-11-26,0.31826383247971535
2025-11-28,0.24137715622782707
2025-11-30,-0.29778932966291904
2025-12-01,0.12451542541384697
2025-12-02,0.5120122395455837
2025-12-06,-0.8473111428320408
2025-12-07,-0.29778932966291904
2025-12-08,-0.26755022443830967
2025-12-10,0.1705436185002327
2025-12-11,-0.3613978587090969
2025-12-15,-0.37263072840869427
2025-12-17,-0.9077893532812595
2025-12-19,0.31221069395542145
2025-12-20,-0.37263072840869427
2025-12-22,-0.41537914890795946
2025-12-24,0.1705436185002327
2025-12-25,0.5120122395455837
2025-12-27,0.016552845016121864
2025-12-29,-0.3686228673905134
2026-01-01,-0.44561825413256884
2026-01-03,0.016552845016121864
